Longitude,Latitude,Var
0.25,6.75,1.2374998
0.25,7.25,0.9795777
0.25,7.75,1.5159348
0.25,8.25,0.9478734
0.25,8.75,0.885542
0.25,9.25,0.8872731
0.25,9.75,0.7404224
0.25,10.25,0.60890216
0.25,10.75,0.65105224
0.25,11.25,0.41617802
0.75,6.25,0.8478824
0.75,6.75,1.1110573
0.75,7.25,1.1871483
0.75,7.75,1.2933033
0.75,8.25,1.1649786
0.75,8.75,0.9687836
0.75,9.25,0.9566182
0.75,9.75,0.770739
0.75,10.25,0.64287513
0.75,10.75,0.51242083
1.25,6.75,0.9304367
1.25,7.25,0.839663
1.25,7.75,0.8375967
1.25,8.25,0.80664414
1.25,8.75,0.8902911
1.25,9.25,0.912958
1.25,9.75,0.58223015
1.25,10.25,0.74112016
1.25,10.75,0.69498706
1.25,11.25,0.87879634
1.75,6.75,0.91096985
1.75,7.25,0.91872185
1.75,7.75,0.82613444
1.75,8.25,0.94441575
1.75,8.75,1.0087951
1.75,9.25,0.9880596
1.75,9.75,0.7114506
1.75,10.25,0.8054622
1.75,10.75,0.79024774
1.75,11.25,0.93584824
2.25,6.75,0.9302337
2.25,7.25,0.83572817
2.25,7.75,0.71989524
2.25,8.25,0.8324369
2.25,8.75,0.94332516
2.25,9.25,1.005206
2.25,9.75,0.9935453
2.25,10.25,0.92781174
2.25,10.75,0.8189991
2.25,11.25,0.76710314
2.25,11.75,0.69549
2.25,12.25,0.7002623
2.75,6.75,0.99097073
2.75,7.25,1.1600837
2.75,7.75,1.1472741
2.75,8.25,1.3982348
2.75,8.75,1.5287193
2.75,9.25,1.2606058
2.75,9.75,1.3970786
2.75,10.25,1.1210898
2.75,10.75,0.8238962
2.75,11.25,0.8393162
2.75,11.75,1.037416
2.75,12.25,0.8768501
3.25,7.25,1.7789129
3.25,7.75,1.6519485
3.25,8.25,1.7732675
3.25,8.75,1.8005246
3.25,9.25,1.9099717
3.25,9.75,1.7234101
3.25,10.25,1.2450136
3.25,10.75,0.88233924
3.25,11.25,1.2325094
3.25,11.75,1.321733
3.25,12.25,1.0551995
3.75,7.25,2.3560114
3.75,7.75,2.2555943
3.75,8.25,1.7961173
3.75,8.75,1.7567763
3.75,9.25,1.876851
3.75,9.75,1.7668098
3.75,10.25,1.5188888
3.75,10.75,0.79283
3.75,11.25,1.4117028
3.75,11.75,1.0705403
3.75,12.25,0.962003
3.75,12.75,1.7995639
4.25,6.75,2.8726258
4.25,7.25,2.8771777
4.25,7.75,2.479089
4.25,8.25,1.8217907
4.25,8.75,1.704686
4.25,9.25,1.9096438
4.25,9.75,1.7732507
4.25,10.25,1.565158
4.25,10.75,1.4300659
4.25,11.25,1.3735927
4.25,11.75,0.7702618
4.25,12.25,0.491023
4.25,12.75,0.33252203
4.25,13.25,0.2903084
4.25,13.75,1.8189021
4.75,6.75,3.2271311
4.75,7.25,3.2062178
4.75,7.75,2.730776
4.75,8.25,2.0043745
4.75,8.75,1.6759133
4.75,9.25,1.6582929
4.75,9.75,1.8154958
4.75,10.25,1.3400178
4.75,10.75,1.3932993
4.75,11.25,1.3896531
4.75,11.75,1.3512851
4.75,12.25,0.6677468
4.75,12.75,0.39497966
4.75,13.25,0.3861604
4.75,13.75,1.424934
5.25,6.25,2.972609
5.25,6.75,2.819026
5.25,7.25,2.9536257
5.25,7.75,2.8048718
5.25,8.25,1.9920052
5.25,8.75,1.9278145
5.25,9.25,1.7305571
5.25,9.75,1.865787
5.25,10.25,1.3613443
5.25,10.75,1.5724889
5.25,11.25,1.1978098
5.25,11.75,1.3270212
5.25,12.25,0.8958505
5.25,12.75,0.49990544
5.25,13.25,0.28772908
5.25,13.75,1.0816044
5.75,5.75,1.9840235
5.75,6.25,2.814094
5.75,6.75,2.9052439
5.75,7.25,2.6198323
5.75,7.75,2.4010868
5.75,8.25,2.1652884
5.75,8.75,1.814916
5.75,9.25,1.4840543
5.75,9.75,1.7757071
5.75,10.25,1.6686498
5.75,10.75,1.6695448
5.75,11.25,1.4776314
5.75,11.75,1.4291621
5.75,12.25,0.8150174
5.75,12.75,0.56655
5.75,13.25,0.28135017
5.75,13.75,1.1449661
6.25,4.75,2.7336798
6.25,5.25,2.2251472
6.25,5.75,1.9116105
6.25,6.25,2.514947
6.25,6.75,2.386865
6.25,7.25,2.0342548
6.25,7.75,1.7368118
6.25,8.25,2.127907
6.25,8.75,1.7144895
6.25,9.25,1.3627845
6.25,9.75,1.565783
6.25,10.25,1.853457
6.25,10.75,1.7071549
6.25,11.25,1.6709561
6.25,11.75,1.4699206
6.25,12.25,0.5593878
6.25,12.75,0.47351265
6.25,13.25,0.43196532
6.25,13.75,1.4345847
6.75,5.25,2.1671348
6.75,5.75,1.8472104
6.75,6.25,1.621846
6.75,6.75,1.4623297
6.75,7.25,1.7859014
6.75,7.75,1.7164779
6.75,8.25,1.8844482
6.75,8.75,1.9281074
6.75,9.25,1.7446792
6.75,9.75,1.6168348
6.75,10.25,1.7612578
6.75,10.75,1.9489561
6.75,11.25,1.387141
6.75,11.75,1.0236776
6.75,12.25,0.51121044
6.75,12.75,0.40362862
6.75,13.25,0.41508517
7.25,5.25,1.7800174
7.25,5.75,1.6949738
7.25,6.25,1.3150244
7.25,6.75,1.3764765
7.25,7.25,1.8138953
7.25,7.75,2.0335054
7.25,8.25,1.819391
7.25,8.75,1.9971758
7.25,9.25,1.6925498
7.25,9.75,1.9479578
7.25,10.25,1.7503047
7.25,10.75,1.555963
7.25,11.25,1.0020204
7.25,11.75,0.7511341
7.25,12.25,0.5445543
7.25,12.75,0.41021588
7.25,13.25,0.31483644
7.75,5.25,1.642726
7.75,5.75,1.9391861
7.75,6.25,1.2211837
7.75,6.75,1.5132068
7.75,7.25,1.6759524
7.75,7.75,1.8022447
7.75,8.25,1.6495503
7.75,8.75,1.5675955
7.75,9.25,1.6778374
7.75,9.75,1.6269288
7.75,10.25,1.2263197
7.75,10.75,1.2447029
7.75,11.25,0.95368224
7.75,11.75,0.76725113
7.75,12.25,0.50201356
7.75,12.75,0.4145024
7.75,13.25,0.29635304
8.25,5.25,2.38016
8.25,5.75,2.1030238
8.25,6.25,1.109222
8.25,6.75,0.99734676
8.25,7.25,1.585855
8.25,7.75,1.448044
8.25,8.25,1.5416324
8.25,8.75,1.4577993
8.25,9.25,1.5638844
8.25,9.75,1.6411061
8.25,10.25,1.7867349
8.25,10.75,1.7178831
8.25,11.25,0.9885818
8.25,11.75,0.79405856
8.25,12.25,0.5201748
8.25,12.75,0.34355476
8.25,13.25,0.2262915
8.75,5.25,1.8579216
8.75,5.75,2.9001951
8.75,6.25,1.8630491
8.75,6.75,1.544522
8.75,7.25,1.1761394
8.75,7.75,1.2844065
8.75,8.25,1.6643364
8.75,8.75,1.5414025
8.75,9.25,1.6932538
8.75,9.75,1.0274928
8.75,10.25,1.4372393
8.75,10.75,1.7809582
8.75,11.25,1.1392645
8.75,11.75,0.73875195
8.75,12.25,0.7231169
8.75,12.75,1.6574867
8.75,13.25,1.3931582
9.25,4.75,1.9969964
9.25,5.75,3.4105115
9.25,6.25,2.0039053
9.25,6.75,2.0047817
9.25,7.25,1.2247832
9.25,7.75,1.2825868
9.25,8.25,1.6407655
9.25,8.75,1.3838747
9.25,9.25,1.2475584
9.25,9.75,1.1176765
9.25,10.25,1.7171768
9.25,10.75,1.5850241
9.25,11.25,1.0355996
9.25,11.75,0.55784386
9.25,12.25,0.6578815
9.25,12.75,1.4448242
9.75,-1.75,2.8395045
9.75,-1.25,2.8536868
9.75,-0.75,2.5141435
9.75,-0.25,1.9861966
9.75,4.25,2.045228
9.75,4.75,2.5298011
9.75,5.25,2.2870884
9.75,5.75,1.9766142
9.75,6.25,2.1761465
9.75,6.75,2.4480054
9.75,7.25,1.9656743
9.75,7.75,1.4474694
9.75,8.25,1.4334626
9.75,8.75,1.5177418
9.75,9.25,1.2383631
9.75,9.75,1.1651343
9.75,10.25,1.4924824
9.75,10.75,1.1779956
9.75,11.25,0.82600904
9.75,11.75,0.5247513
9.75,12.25,0.42745703
9.75,12.75,0.33588383
9.75,13.25,0.19671161
10.25,-2.25,2.8797061
10.25,-1.75,3.0182624
10.25,-1.25,2.9068487
10.25,-0.75,2.9640834
10.25,-0.25,2.8575282
10.25,0.25,2.9539847
10.25,0.75,2.3141081
10.25,3.25,2.1711056
10.25,3.75,2.2543306
10.25,4.25,2.3036559
10.25,4.75,3.1259842
10.25,5.25,1.872114
10.25,5.75,1.5461147
10.25,6.25,1.7850348
10.25,6.75,2.2038078
10.25,7.25,2.5424013
10.25,7.75,2.00282
10.25,8.25,1.482644
10.25,8.75,1.4949883
10.25,9.25,1.5324435
10.25,9.75,1.478255
10.25,10.25,1.3863136
10.25,10.75,1.2710385
10.25,11.25,0.7966635
10.25,11.75,0.46420205
10.25,12.25,0.3775361
10.25,12.75,0.42985338
10.25,13.25,0.20734784
10.75,-2.75,2.6704438
10.75,-2.25,2.9738066
10.75,-1.75,2.4426754
10.75,-1.25,2.792346
10.75,-0.75,3.113103
10.75,-0.25,2.865008
10.75,0.25,2.8319616
10.75,3.25,2.2707112
10.75,3.75,2.5616412
10.75,4.25,2.4805658
10.75,4.75,2.4164248
10.75,5.25,1.5898451
10.75,5.75,1.5491158
10.75,6.25,1.6574273
10.75,6.75,2.0281453
10.75,7.25,3.0800107
10.75,7.75,2.7404032
10.75,8.25,1.5282365
10.75,8.75,1.4260482
10.75,9.25,1.6628863
10.75,9.75,1.5583005
10.75,10.25,1.1875348
10.75,10.75,1.3256984
10.75,11.25,0.6028507
10.75,11.75,0.46146944
10.75,12.25,0.33962047
10.75,12.75,0.4638008
10.75,13.25,0.1974517
11.25,-3.25,2.3807034
11.25,-2.75,2.5640118
11.25,-2.25,2.347223
11.25,-1.75,2.7671375
11.25,-1.25,3.0913289
11.25,-0.75,3.2904327
11.25,-0.25,3.0096498
11.25,0.25,2.9899926
11.25,0.75,2.7462716
11.25,1.75,3.3758752
11.25,2.25,2.8780127
11.25,3.25,2.598142
11.25,3.75,2.8213987
11.25,4.25,1.5581139
11.25,4.75,1.9544377
11.25,5.25,2.3569357
11.25,5.75,2.1340072
11.25,6.25,2.0017407
11.25,6.75,1.8488994
11.25,7.25,2.8065734
11.25,7.75,2.8038006
11.25,8.25,2.293037
11.25,8.75,1.775088
11.25,9.25,1.5692787
11.25,9.75,1.291005
11.25,10.25,0.7082779
11.25,10.75,1.0546355
11.25,11.25,0.8217467
11.25,11.75,0.48831633
11.25,12.25,0.33204827
11.25,12.75,0.2810894
11.25,13.25,0.20126824
11.75,-3.75,1.1245457
11.75,-3.25,2.3979325
11.75,-2.75,2.248693
11.75,-2.25,3.126311
11.75,-1.75,3.2071736
11.75,-0.75,3.2475612
11.75,-0.25,2.6562862
11.75,0.75,3.0068748
11.75,1.25,2.9963312
11.75,1.75,2.9598026
11.75,2.25,3.0577765
11.75,3.25,2.7222693
11.75,3.75,2.7586715
11.75,4.25,2.1396794
11.75,4.75,2.2798567
11.75,5.25,2.3309932
11.75,5.75,1.6902316
11.75,6.25,1.9190971
11.75,6.75,1.7695588
11.75,7.25,2.7193418
11.75,7.75,2.4759083
11.75,8.25,2.1228616
11.75,8.75,1.5556142
11.75,9.25,1.3407378
11.75,9.75,1.5003755
11.75,10.25,0.92638206
11.75,10.75,0.8717641
11.75,11.25,0.84977245
11.75,11.75,0.5385731
11.75,12.25,0.3523208
11.75,12.75,0.33897933
11.75,13.25,0.20750847
12.25,-4.75,1.0899109
12.25,-4.25,1.1542053
12.25,-3.75,1.0327803
12.25,-3.25,0.96071243
12.25,-2.75,1.3490019
12.25,-2.25,1.395296
12.25,-0.75,3.3369873
12.25,-0.25,3.2651722
12.25,1.25,3.2501848
12.25,2.25,3.1912646
12.25,3.75,2.6070678
12.25,4.25,2.5260777
12.25,4.75,2.7277434
12.25,5.25,2.1183648
12.25,5.75,1.8788353
12.25,6.25,1.7147659
12.25,6.75,1.7024789
12.25,7.25,1.7252792
12.25,7.75,1.7817881
12.25,8.25,1.5597596
12.25,8.75,1.3539299
12.25,9.25,1.4921813
12.25,9.75,1.4270856
12.25,10.25,1.3842777
12.25,10.75,1.2843124
12.25,11.25,0.984219
12.25,11.75,0.48781142
12.25,12.25,0.363607
12.25,12.75,0.3880951
12.25,13.25,0.2906764
12.75,-5.25,1.2302587
12.75,-4.75,1.3340609
12.75,-4.25,0.8654456
12.75,-3.75,0.91644514
12.75,-3.25,1.1839722
12.75,-2.75,1.2101102
12.75,-0.75,3.4956255
12.75,0.75,3.0639052
12.75,1.25,3.2831783
12.75,1.75,3.3025477
12.75,2.25,3.3246439
12.75,3.75,3.1087363
12.75,4.25,2.9055207
12.75,4.75,3.219349
12.75,5.25,3.2800133
12.75,5.75,3.0579042
12.75,6.25,1.6532362
12.75,6.75,1.5881119
12.75,7.25,1.4652971
12.75,7.75,1.7722621
12.75,8.25,1.6004429
12.75,8.75,1.4361465
12.75,9.25,1.5982906
12.75,9.75,1.4929112
12.75,10.25,1.4596717
12.75,10.75,1.2172451
12.75,11.25,1.2241392
12.75,11.75,0.5573427
12.75,12.25,0.34552944
12.75,12.75,0.3226244
12.75,13.25,0.2811747
13.25,-5.25,1.0199695
13.25,-4.75,1.0070462
13.25,-4.25,0.6478471
13.25,-3.75,0.5957935
13.25,-3.25,1.2712055
13.25,-2.25,1.6024028
13.25,-1.75,3.3294992
13.25,-1.25,3.5209181
13.25,3.75,3.1961968
13.25,4.25,3.0845888
13.25,4.75,3.2311575
13.25,5.25,3.3767087
13.25,5.75,2.3830314
13.25,6.25,1.6416212
13.25,6.75,1.6460996
13.25,7.25,1.5517942
13.25,7.75,1.7319603
13.25,8.25,1.6151118
13.25,8.75,1.5074077
13.25,9.25,1.1839064
13.25,9.75,1.2064804
13.25,10.25,1.3319545
13.25,10.75,1.4212887
13.25,11.25,1.3787757
13.25,11.75,0.63943255
13.25,12.25,0.44398135
13.25,12.75,0.28954366
13.25,13.25,0.23444374
13.25,13.75,1.1533314
13.75,-5.75,0.5466418
13.75,-5.25,0.6989135
13.75,-4.75,0.92376983
13.75,-4.25,0.9942214
13.75,-3.75,0.97841513
13.75,-2.75,0.901145
13.75,-2.25,1.8588017
13.75,-1.75,2.4323914
13.75,-1.25,2.1453946
13.75,-0.75,3.624481
13.75,1.75,1.3460104
13.75,3.25,3.2133722
13.75,4.25,1.5864906
13.75,4.75,1.6390344
13.75,5.25,2.5719326
13.75,5.75,1.7704326
13.75,6.25,1.7071322
13.75,6.75,1.7022109
13.75,7.25,1.4264331
13.75,7.75,1.7545472
13.75,8.25,1.8078256
13.75,8.75,1.4874227
13.75,9.25,1.1212535
13.75,9.75,1.0112823
13.75,10.25,1.2182473
13.75,10.75,1.3220179
13.75,11.25,1.083056
13.75,11.75,0.76248306
13.75,12.25,0.48050886
13.75,12.75,0.31229234
13.75,13.25,0.31520757
14.25,-5.75,0.50437963
14.25,-5.25,0.90101147
14.25,-4.75,0.5524962
14.25,-4.25,0.93223625
14.25,-3.75,0.9891257
14.25,-3.25,0.8849679
14.25,-2.75,0.4430019
14.25,-2.25,0.5568248
14.25,-1.75,0.5714611
14.25,-1.25,0.5867443
14.25,-0.75,0.6502123
14.25,-0.25,1.198543
14.25,1.75,1.4391599
14.25,3.75,3.403901
14.25,4.25,1.6605161
14.25,4.75,1.548089
14.25,5.25,1.603382
14.25,5.75,1.0437438
14.25,6.25,0.97918946
14.25,6.75,1.4053102
14.25,7.25,1.5013089
14.25,7.75,1.793695
14.25,8.25,1.8621472
14.25,8.75,1.2699721
14.25,9.25,1.4268259
14.25,9.75,1.2942362
14.25,10.25,0.6936741
14.25,10.75,0.6196308
14.25,11.25,0.7575052
14.25,11.75,0.5753629
14.25,12.25,0.5637034
14.25,12.75,0.6144807
14.75,-5.75,0.5296508
14.75,-5.25,0.78762907
14.75,-4.75,0.8020509
14.75,-4.25,1.0794089
14.75,-3.75,0.7441722
14.75,-3.25,0.5658894
14.75,-2.75,0.4954557
14.75,-2.25,0.50711596
14.75,-1.75,0.4162677
14.75,-1.25,0.4422217
14.75,-0.75,0.7678419
14.75,-0.25,1.3725367
14.75,0.25,1.4294621
14.75,0.75,1.2060686
14.75,4.25,2.2875438
14.75,4.75,1.7922281
14.75,5.25,1.5405915
14.75,5.75,0.60014147
14.75,6.25,0.64932024
14.75,6.75,1.3626428
14.75,7.25,1.7439461
14.75,7.75,1.7863241
14.75,8.25,1.8940406
14.75,8.75,1.6372442
14.75,9.75,1.1305294
14.75,10.25,0.7878228
14.75,10.75,0.68250865
14.75,11.25,0.779587
14.75,11.75,0.7037038
14.75,12.25,0.5276654
14.75,12.75,0.31646907
15.25,-5.75,0.48742288
15.25,-5.25,0.791798
15.25,-4.75,0.8637636
15.25,-4.25,0.90535283
15.25,-3.75,0.6602513
15.25,-3.25,0.6243163
15.25,-2.75,0.75642943
15.25,-2.25,0.5833347
15.25,-1.75,0.55940133
15.25,-1.25,0.9580767
15.25,-0.75,1.2337608
15.25,-0.25,0.95392424
15.25,0.25,1.3703651
15.25,0.75,1.3635778
15.25,2.25,1.4683318
15.25,3.75,3.3604062
15.25,4.25,2.008504
15.25,4.75,1.9441164
15.25,6.75,1.4799066
15.25,7.25,1.5010394
15.25,7.75,1.4305903
15.25,8.25,1.8919237
15.25,8.75,1.565565
15.25,9.75,1.3825028
15.25,10.25,1.0712185
15.25,10.75,0.91369313
15.25,11.25,1.4921812
15.25,11.75,0.9746072
15.25,12.25,0.7627341
15.75,-5.75,0.5224521
15.75,-5.25,0.7483899
15.75,-4.75,0.8029267
15.75,-4.25,0.9331744
15.75,-3.75,0.98038983
15.75,-3.25,0.64104307
15.75,-2.75,0.7584263
15.75,-2.25,0.6164115
15.75,-1.75,0.47180492
15.75,-1.25,1.1723062
15.75,-0.75,0.80758804
15.75,-0.25,1.2226287
15.75,0.25,1.239691
15.75,4.25,0.8456693
15.75,4.75,0.8192258
15.75,5.25,0.7714852
15.75,7.75,0.5714019
15.75,9.75,1.1980087
15.75,10.25,1.6353679
16.25,-5.75,0.60309756
16.25,-5.25,0.73831135
16.25,-4.75,0.7029337
16.25,-4.25,0.815519
16.25,-3.75,1.005309
16.25,-3.25,1.0424315
16.25,-2.75,1.002604
16.25,-2.25,0.9747367
16.25,-1.75,1.3519701
16.25,-1.25,0.71507317
16.25,1.25,1.5302311
16.25,1.75,1.4687951
16.25,2.25,2.4334276
16.25,2.75,3.0862448
16.25,3.25,1.7665753
16.25,3.75,1.1101536
16.25,4.25,0.8515446
16.25,4.75,0.6686334
16.25,5.25,0.58084023
16.75,-7.25,0.7278254
16.75,-6.75,1.0644305
16.75,-6.25,0.9450636
16.75,-5.75,0.9393817
16.75,-5.25,0.91074973
16.75,-4.75,0.85145056
16.75,-4.25,0.75398684
16.75,-3.75,1.0623308
16.75,-3.25,1.1903214
16.75,-2.75,1.0978004
16.75,-2.25,0.9310687
16.75,-1.75,0.74662876
16.75,-1.25,1.1710231
16.75,0.25,1.440531
16.75,0.75,1.5370891
16.75,1.25,1.5505683
16.75,1.75,1.5017333
16.75,4.25,0.79539037
16.75,4.75,0.648462
16.75,5.25,0.63782483
16.75,5.75,0.7076909
17.25,-7.75,0.6353168
17.25,-7.25,0.7476066
17.25,-6.75,0.9942688
17.25,-6.25,0.75103754
17.25,-5.75,0.822632
17.25,-5.25,0.8717807
17.25,-4.75,0.80607885
17.25,-4.25,0.87661934
17.25,-3.75,0.8836444
17.25,-3.25,0.7505147
17.25,-2.75,0.92149645
17.25,-2.25,1.0478736
17.25,-1.25,1.2761271
17.25,-0.75,1.2734883
17.25,0.25,1.4140426
17.25,4.25,0.75673217
17.25,4.75,0.6563143
17.25,5.25,0.6436456
17.25,5.75,0.7002779
17.75,-8.25,0.5230884
17.75,-7.75,0.66530603
17.75,-7.25,0.9011537
17.75,-6.75,0.737837
17.75,-6.25,0.70796573
17.75,-5.75,0.6658593
17.75,-5.25,0.65999025
17.75,-4.75,0.992238
17.75,-4.25,0.86286026
17.75,-3.75,0.5699576
17.75,-3.25,0.7086256
17.75,-2.75,1.0179033
17.75,-2.25,0.977566
17.75,-1.75,1.0931238
17.75,-1.25,1.1445298
17.75,-0.25,1.082103
17.75,0.75,1.0696388
17.75,1.25,1.4653032
17.75,3.75,1.0816712
17.75,4.25,0.74745756
17.75,4.75,0.67510575
17.75,5.25,0.67659956
17.75,5.75,0.7749787
18.25,-8.25,0.41652012
18.25,-7.75,0.82084364
18.25,-7.25,0.78586763
18.25,-6.75,0.72915256
18.25,-6.25,0.71084726
18.25,-5.75,0.6945828
18.25,-5.25,0.7785086
18.25,-4.75,0.791981
18.25,-4.25,0.79654664
18.25,-3.75,0.69520736
18.25,-3.25,0.7426653
18.25,-2.75,1.1589934
18.25,-2.25,1.12198
18.25,-1.75,0.68925947
18.25,-1.25,1.1297315
18.25,-0.75,1.1886191
18.25,-0.25,1.2217591
18.25,0.25,1.222212
18.25,0.75,1.2688177
18.25,1.25,1.4429965
18.25,2.25,1.6105411
18.25,2.75,1.6285732
18.25,3.75,1.0820584
18.25,4.25,0.82571054
18.25,4.75,0.7165519
18.25,5.25,0.7520339
18.25,5.75,0.7669452
18.75,-7.75,0.6593113
18.75,-7.25,0.78427327
18.75,-6.75,0.7599637
18.75,-6.25,0.63264763
18.75,-5.75,0.6278451
18.75,-5.25,0.92476064
18.75,-4.75,0.8253394
18.75,-4.25,0.9371076
18.75,-3.75,0.8757573
18.75,-3.25,0.8828227
18.75,-2.75,1.2725348
18.75,-2.25,1.1484826
18.75,-1.75,1.1787157
18.75,-1.25,1.218882
18.75,-0.25,1.2206197
18.75,0.75,1.2397028
18.75,1.25,1.3027776
18.75,1.75,1.073882
18.75,2.25,1.3864179
18.75,2.75,1.1196163
18.75,3.25,1.018965
18.75,3.75,0.8381792
18.75,4.25,0.76027447
18.75,4.75,0.8113732
18.75,5.25,0.7658114
18.75,5.75,0.72201025
18.75,6.25,0.74679846
19.25,-7.75,0.6453788
19.25,-7.25,0.71939903
19.25,-6.75,0.6733802
19.25,-6.25,0.7350478
19.25,-5.75,0.52281
19.25,-5.25,0.6283862
19.25,-4.75,0.7383698
19.25,-4.25,0.9958179
19.25,-3.75,1.1660343
19.25,-2.75,1.1396863
19.25,-2.25,1.2183324
19.25,-1.75,1.2912923
19.25,-0.75,1.3046227
19.25,1.25,1.2694304
19.25,2.25,1.4168864
19.25,2.75,1.1289985
19.25,3.25,0.92391205
19.25,3.75,0.713251
19.25,4.25,0.6672605
19.25,4.75,0.76313263
19.25,5.25,0.7628425
19.25,5.75,0.80719334
19.25,6.25,0.8615394
19.75,-7.25,0.76557255
19.75,-6.75,0.7879479
19.75,-6.25,0.7315271
19.75,-5.75,0.61486024
19.75,-5.25,0.69162405
19.75,-4.75,0.7697007
19.75,-4.25,1.0095564
19.75,-3.25,1.2179215
19.75,-2.75,1.3624383
19.75,-0.75,1.2430317
19.75,-0.25,1.214263
19.75,1.25,1.2374629
19.75,2.75,1.2856563
19.75,3.25,1.1126529
19.75,3.75,0.88165355
19.75,4.25,0.8248131
19.75,4.75,0.8521265
19.75,5.25,0.7974522
19.75,5.75,0.7836064
19.75,6.25,0.8337829
20.25,-6.75,0.57067925
20.25,-6.25,0.75258976
20.25,-5.75,0.709828
20.25,-5.25,0.9804994
20.25,-4.75,1.0295297
20.25,-4.25,1.2592554
20.25,-3.75,1.2194936
20.25,-3.25,1.2514597
20.25,-2.75,1.3590252
20.25,-0.25,1.3018019
20.25,1.25,1.2938135
20.25,2.25,1.0838894
20.25,2.75,1.4031337
20.25,3.25,0.94817954
20.25,3.75,0.77770394
20.25,4.25,0.8130433
20.25,4.75,0.8344613
20.25,5.25,0.7748335
20.25,5.75,0.8597963
20.25,6.25,0.8163597
20.25,6.75,0.75135523
20.25,7.25,0.8023759
20.75,-7.25,0.53353226
20.75,-6.75,0.62722176
20.75,-6.25,0.819843
20.75,-5.75,0.9677103
20.75,-5.25,0.80627126
20.75,-4.75,1.1381819
20.75,-4.25,1.1553276
20.75,-3.75,1.2313359
20.75,-3.25,1.2590873
20.75,-0.75,1.2606417
20.75,-0.25,1.2358246
20.75,0.75,1.3594083
20.75,1.25,1.2260934
20.75,2.25,1.1624336
20.75,2.75,1.4262515
20.75,3.25,1.1057299
20.75,3.75,0.8462985
20.75,4.25,0.72486794
20.75,4.75,0.71420485
20.75,5.25,0.76347756
20.75,5.75,0.7335732
20.75,6.25,0.7747711
20.75,6.75,0.777839
20.75,7.25,0.7780305
21.25,-7.25,0.8733869
21.25,-6.75,0.9231624
21.25,-6.25,1.3001124
21.25,-5.75,1.1716117
21.25,-5.25,1.2971603
21.25,-4.75,1.2583315
21.25,-4.25,1.2327384
21.25,-3.75,1.2237269
21.25,-2.25,1.3096659
21.25,-0.25,1.2594129
21.25,0.25,1.2264793
21.25,1.75,1.2931701
21.25,2.25,1.3463658
21.25,3.75,1.4473467
21.25,4.25,0.77118707
21.25,4.75,0.76059836
21.25,5.25,0.81583506
21.25,5.75,0.73455024
21.25,6.25,0.8098905
21.25,6.75,0.8198308
21.25,7.25,0.7481433
21.25,7.75,0.6944027
21.75,-9.75,0.39265501
21.75,-9.25,0.37049517
21.75,-8.75,0.43699336
21.75,-8.25,0.49708852
21.75,-7.75,0.9185233
21.75,-7.25,0.85132134
21.75,-6.75,0.7992066
21.75,-6.25,1.2229615
21.75,-5.75,1.264925
21.75,-5.25,1.2730993
21.75,-4.75,1.1966286
21.75,-4.25,1.1664672
21.75,-3.75,1.0803478
21.75,-3.25,1.1763831
21.75,-2.75,1.2486329
21.75,-0.75,1.2905946
21.75,-0.25,1.0460685
21.75,1.75,1.219218
21.75,2.25,1.2820086
21.75,2.75,1.3501406
21.75,3.75,1.4248029
21.75,4.25,0.82897824
21.75,4.75,0.8395516
21.75,5.25,0.78697526
21.75,5.75,0.8185724
21.75,6.25,0.82506627
21.75,6.75,0.88921064
21.75,7.25,0.7535289
22.25,-11.25,0.5843724
22.25,-10.75,0.80099344
22.25,-10.25,0.79812384
22.25,-9.75,0.7868325
22.25,-9.25,0.79485166
22.25,-8.75,0.8027601
22.25,-8.25,0.86577195
22.25,-7.75,0.90952754
22.25,-7.25,0.8562118
22.25,-6.75,0.7798475
22.25,-6.25,0.9058822
22.25,-5.75,1.0097238
22.25,-5.25,1.2235323
22.25,-4.75,1.3086001
22.25,-4.25,1.2102249
22.25,-3.75,1.2249695
22.25,-3.25,1.195449
22.25,-1.25,1.320498
22.25,-0.75,1.2635677
22.25,2.25,1.1626552
22.25,2.75,1.2485495
22.25,3.75,1.2364901
22.25,4.25,1.0110114
22.25,4.75,0.8388905
22.25,5.25,0.73521984
22.25,5.75,0.8300761
22.25,6.25,0.836522
22.75,-11.25,0.75061285
22.75,-10.75,0.8109811
22.75,-10.25,0.8398505
22.75,-9.75,0.848403
22.75,-9.25,0.82654554
22.75,-8.75,0.8423796
22.75,-8.25,0.8440292
22.75,-7.75,0.94657516
22.75,-7.25,0.8953685
22.75,-6.75,0.81020784
22.75,-6.25,0.6596078
22.75,-5.75,0.79120475
22.75,-5.25,1.0952116
22.75,-4.75,1.0982031
22.75,-4.25,1.2397388
22.75,-3.75,1.2577757
22.75,-3.25,1.2678125
22.75,-0.75,1.2592632
22.75,1.75,1.2443492
22.75,2.25,1.3061461
22.75,2.75,1.3324561
22.75,3.25,1.398259
22.75,3.75,1.0314867
22.75,4.25,1.0039815
22.75,4.75,0.9987749
22.75,5.25,1.0279852
22.75,5.75,0.85382754
22.75,6.25,0.83323586
23.25,-11.25,0.87924844
23.25,-10.75,0.88249326
23.25,-10.25,0.8561252
23.25,-9.75,0.89810497
23.25,-9.25,0.783613
23.25,-8.75,0.803373
23.25,-8.25,0.83075625
23.25,-7.75,0.9282483
23.25,-7.25,0.8601799
23.25,-6.75,0.8024982
23.25,-6.25,0.70597386
23.25,-5.75,0.6627241
23.25,-5.25,0.9941174
23.25,-4.75,1.2532936
23.25,-4.25,1.2144331
23.25,-3.75,1.1580652
23.25,-3.25,1.338229
23.25,0.75,1.298187
23.25,1.25,1.2869678
23.25,1.75,1.300868
23.25,2.25,1.4527043
23.25,3.75,1.3590056
23.25,4.25,1.0596828
23.25,4.75,1.0734668
23.25,5.25,1.0906211
23.25,5.75,0.9367854
23.25,6.25,0.899005
23.75,-10.75,0.9893086
23.75,-10.25,0.90495247
23.75,-9.75,0.89343995
23.75,-9.25,0.893132
23.75,-8.75,0.8383432
23.75,-8.25,0.8043855
23.75,-7.75,0.92311174
23.75,-7.25,0.8939999
23.75,-6.75,0.8227654
23.75,-6.25,0.56456953
23.75,-5.75,0.85910237
23.75,-5.25,0.90631634
23.75,-4.75,1.2431056
23.75,-3.75,1.0814271
23.75,-3.25,1.2719508
23.75,-2.75,1.2824745
23.75,1.25,1.2472497
23.75,2.75,1.2196846
23.75,3.25,1.3970808
23.75,3.75,1.2795787
23.75,4.25,1.2231457
23.75,4.75,0.98481977
23.75,5.75,0.90510386
23.75,6.25,0.8057293
23.75,6.75,0.7682873
24.25,-10.75,0.9299429
24.25,-10.25,0.8665039
24.25,-9.75,0.94376624
24.25,-9.25,0.86679083
24.25,-8.75,0.72848827
24.25,-8.25,0.7567927
24.25,-7.75,0.80480623
24.25,-7.25,0.83340824
24.25,-6.75,0.87333274
24.25,-6.25,0.8448671
24.25,-5.75,0.85065126
24.25,-5.25,0.86435974
24.25,-4.75,0.7788693
24.25,-4.25,0.6342116
24.25,-3.75,0.89795816
24.25,-3.25,1.0318106
24.25,-2.75,1.2358761
24.25,-2.25,1.1132411
24.25,-0.25,1.3571522
24.25,0.25,1.2947037
24.25,0.75,1.2022457
24.25,1.25,1.2972448
24.25,2.75,1.3433768
24.25,3.75,1.3451558
24.25,4.25,1.1066586
24.25,4.75,0.9155781
24.25,5.25,0.9496852
24.25,5.75,0.83022875
24.25,6.25,0.7509798
24.25,6.75,0.7026414
24.25,8.25,0.91527736
24.75,-9.75,1.0473641
24.75,-9.25,0.91558564
24.75,-8.75,0.7673014
24.75,-8.25,0.7254604
24.75,-7.75,0.7357971
24.75,-7.25,0.70604473
24.75,-6.75,0.8792158
24.75,-6.25,0.75922805
24.75,-5.75,0.643744
24.75,-5.25,0.5791983
24.75,-4.75,0.6094895
24.75,-4.25,0.6440631
24.75,-3.75,0.90092224
24.75,-3.25,1.0766264
24.75,-2.75,1.0956397
24.75,0.25,1.2152088
24.75,0.75,1.2315243
24.75,1.25,1.3071021
24.75,2.75,1.187522
24.75,3.25,1.3129207
24.75,3.75,1.283652
24.75,4.25,1.2903571
24.75,4.75,1.0613363
24.75,5.25,0.88533974
24.75,5.75,0.6929986
24.75,6.25,0.74420244
24.75,7.25,0.68613636
24.75,7.75,0.73977125
24.75,8.25,0.9756255
25.25,-9.75,1.0809276
25.25,-9.25,0.9612082
25.25,-8.75,0.8706887
25.25,-8.25,0.7357267
25.25,-7.75,0.83836466
25.25,-7.25,0.732783
25.25,-6.75,0.7890865
25.25,-6.25,0.8698402
25.25,-5.75,0.73293096
25.25,-5.25,0.7442211
25.25,-4.75,0.8988764
25.25,-4.25,0.7959408
25.25,-3.75,0.7925129
25.25,-3.25,0.77545977
25.25,-2.75,1.1051912
25.25,-0.75,1.2770643
25.25,-0.25,1.2625985
25.25,0.25,1.244162
25.25,0.75,1.1978321
25.25,1.25,1.2698529
25.25,1.75,1.3485029
25.25,3.25,1.4524875
25.25,3.75,1.2740185
25.25,4.25,0.94966954
25.25,4.75,1.0402274
25.25,5.25,0.91734004
25.25,5.75,0.65413105
25.25,6.75,0.79594105
25.25,7.25,0.7114834
25.25,7.75,0.67745805
25.75,-9.75,1.0373921
25.75,-9.25,0.9981976
25.75,-8.75,0.9618149
25.75,-8.25,0.9423945
25.75,-7.75,0.9138903
25.75,-7.25,0.85891926
25.75,-6.75,0.7542503
25.75,-6.25,0.92975277
25.75,-5.75,0.8966453
25.75,-5.25,0.8944311
25.75,-4.75,0.8504742
25.75,-4.25,1.0216304
25.75,-3.75,0.93517846
25.75,-3.25,1.0354549
25.75,-2.75,1.206814
25.75,-2.25,1.2861539
25.75,-1.75,1.2378764
25.75,-1.25,1.2499845
25.75,-0.75,1.2260174
25.75,1.25,1.3185236
25.75,1.75,1.3472136
25.75,3.75,1.1376598
25.75,4.25,0.9015199
25.75,4.75,1.0024972
25.75,5.25,0.8982599
25.75,6.75,0.9657071
26.25,-9.75,0.8262028
26.25,-9.25,0.9632103
26.25,-8.75,1.0438504
26.25,-8.25,0.94216853
26.25,-7.75,0.96319515
26.25,-7.25,0.9392747
26.25,-6.75,0.9415121
26.25,-6.25,0.94561607
26.25,-5.75,0.90910614
26.25,-5.25,0.8875104
26.25,-4.75,0.92840534
26.25,-4.25,0.9419789
26.25,-3.75,1.2618325
26.25,-3.25,1.3958223
26.25,-2.75,1.2545177
26.25,-2.25,1.1849648
26.25,-1.75,1.1991638
26.25,-1.25,1.1841846
26.25,1.25,1.283171
26.25,1.75,1.258645
26.25,3.75,1.1152575
26.25,4.25,0.84432083
26.25,4.75,0.84712946
26.25,5.25,0.9095934
26.25,6.75,0.75227326
26.75,-9.25,1.1441875
26.75,-8.75,0.9895956
26.75,-8.25,0.9531751
26.75,-7.75,0.9562198
26.75,-7.25,0.92258257
26.75,-6.75,0.8821916
26.75,-6.25,0.9063441
26.75,-5.75,0.89013916
26.75,-5.25,0.8853249
26.75,-4.75,1.0254381
26.75,-4.25,1.0006921
26.75,-2.75,1.3067789
26.75,-1.75,1.262717
26.75,-1.25,1.359136
26.75,-0.75,1.3598824
26.75,1.75,1.3027079
26.75,3.75,0.96741945
26.75,4.25,0.82862556
26.75,4.75,1.3230549
26.75,5.25,1.3177263
27.25,-8.75,0.6981658
27.25,-8.25,0.9123982
27.25,-7.75,0.9280131
27.25,-7.25,0.9511652
27.25,-6.75,0.93703514
27.25,-6.25,0.8929748
27.25,-5.75,0.92215073
27.25,-5.25,0.9441207
27.25,-4.75,1.0749116
27.25,-4.25,1.1032321
27.25,-3.75,1.0182055
27.25,-2.25,1.2557352
27.25,-1.75,1.2012267
27.25,0.75,1.3421236
27.25,1.75,1.2043614
27.25,3.75,0.90468866
27.25,4.25,0.84835523
27.25,4.75,1.3971542
27.25,5.25,1.2795922
27.75,-8.25,0.9805725
27.75,-7.75,0.9905598
27.75,-7.25,0.9689226
27.75,-6.75,0.9698964
27.75,-6.25,0.8819816
27.75,-5.75,0.9362102
27.75,-5.25,0.9858984
27.75,-4.75,1.0698035
27.75,-4.25,1.0631765
27.75,-3.75,1.3819851
27.75,-3.25,1.3476763
27.75,-2.75,1.4466722
27.75,-2.25,1.2856128
27.75,-1.75,1.2699114
27.75,-0.75,1.4702419
27.75,0.75,1.2910521
27.75,1.25,1.4068832
27.75,2.75,1.0675604
27.75,3.75,0.8996823
28.25,-8.25,0.97115695
28.25,-7.75,1.0281943
28.25,-7.25,1.0944109
28.25,-6.75,1.0147487
28.25,-6.25,0.86700344
28.25,-5.75,0.9129891
28.25,-5.25,0.8828006
28.25,-4.75,1.0229602
28.25,-4.25,1.086868
28.25,-3.75,1.2121677
28.25,-3.25,1.2852191
28.25,-2.75,1.3824068
28.25,-2.25,1.3857546
28.25,-1.75,1.381444
28.25,-1.25,1.4292614
28.25,-0.75,1.4047785
28.25,1.25,1.2771865
28.75,-7.75,1.0368702
28.75,-7.25,0.89445657
28.75,-6.75,0.9197314
28.75,-6.25,0.89045805
28.75,-5.75,0.97571534
28.75,-5.25,1.3398591
28.75,-4.75,1.3857646
28.75,-4.25,1.5424042
28.75,-3.75,1.4892365
28.75,-3.25,1.7092992
28.75,-2.75,1.8771493
28.75,-2.25,1.9984815
28.75,-1.75,1.3290577
28.75,-1.25,1.369541
28.75,-0.75,1.3615047
28.75,-0.25,1.3555933
28.75,1.25,1.3834566
29.25,-7.75,0.91729647
29.25,-7.25,0.8775575
29.25,-6.75,0.91347325
29.25,-6.25,0.952007
29.25,-5.75,0.9440725
29.25,-5.25,2.4230387
29.25,-4.75,1.8226975
29.25,-4.25,2.3231566
29.25,-3.75,1.8247018
29.25,-3.25,1.7204401
29.25,-2.75,2.011977
29.25,-2.25,1.5254117
29.25,-1.75,0.9550829
29.25,-1.25,1.1619012
29.25,-0.75,0.9053324
29.25,-0.25,1.2338355
29.25,0.25,1.0557984
29.25,0.75,0.98241436
29.25,1.25,1.1218911
29.25,1.75,1.3419752
29.25,3.75,0.6971928
29.75,-8.25,1.8193115
29.75,-7.75,1.2978007
29.75,-7.25,1.177234
29.75,-6.75,0.93935
29.75,-6.25,1.6761733
29.75,-5.75,1.7934741
29.75,-5.25,1.7015002
29.75,-4.75,1.3825946
29.75,-4.25,1.5276153
29.75,-3.75,1.4613912
29.75,-3.25,1.4923947
29.75,-2.75,1.5914752
29.75,-2.25,1.2504711
29.75,-1.75,0.85262877
29.75,-1.25,0.79116684
29.75,-0.75,0.96670175
29.75,-0.25,0.89272094
29.75,0.25,0.7518366
29.75,0.75,1.3773329
29.75,1.25,1.2954814
29.75,1.75,0.9874174
29.75,2.25,1.264404
29.75,3.75,0.73508275
29.75,4.25,0.5848768
30.25,-8.25,2.0464795
30.25,-7.75,2.056245
30.25,-7.25,1.8559291
30.25,-6.25,1.7861798
30.25,-5.75,1.9006965
30.25,-5.25,1.617495
30.25,-4.75,1.690862
30.25,-4.25,1.284766
30.25,-3.75,1.3694673
30.25,-3.25,1.3783108
30.25,-2.75,1.50968
30.25,-2.25,1.5184441
30.25,-1.75,1.5993285
30.25,-1.25,1.2515503
30.25,-0.75,1.0800406
30.25,-0.25,1.3628765
30.25,0.75,1.9778931
30.25,1.25,1.0367862
30.25,1.75,0.92223436
30.25,2.25,0.7780262
30.25,2.75,0.7038837
30.25,3.25,0.6198993
30.25,3.75,1.1367904
30.75,-8.25,2.277563
30.75,-5.25,1.6487498
30.75,-4.75,1.6626657
30.75,-4.25,1.8546718
30.75,-3.75,1.6992135
30.75,-3.25,1.2647651
30.75,-2.75,1.4685373
30.75,-2.25,1.6575102
30.75,-1.75,1.4317
30.75,-1.25,1.6632037
30.75,-0.75,1.0423428
30.75,-0.25,1.295901
30.75,0.25,1.4234987
30.75,1.75,0.98190427
30.75,2.25,0.9567279
30.75,2.75,0.7551938
30.75,3.25,0.6425683
31.25,-5.25,1.5898147
31.25,-4.75,1.4613839
31.25,-4.25,1.8036364
31.25,-3.75,1.704028
31.25,-3.25,1.5039095
31.25,-2.75,1.4984604
31.25,-2.25,1.2146614
31.25,-1.75,1.2828146
31.25,-1.25,1.398677
31.25,-0.75,1.0841798
31.25,-0.25,1.1280904
31.25,0.25,1.2922957
31.25,2.25,1.7399145
31.75,-3.25,1.4029634
31.75,-2.75,1.1828402
31.75,-2.25,1.5390109
31.75,-1.75,1.3384461
31.75,-1.25,1.7421322
31.75,-0.75,1.2502261
31.75,-0.25,1.2391099
31.75,0.25,1.1089417
32.25,-3.25,0.9878087
32.25,-2.75,1.3012053
32.25,-2.25,1.273113
32.75,-3.25,0.8090856
32.75,-2.75,0.8435285
32.75,-2.25,0.8176325
33.25,-3.25,0.62015194
33.25,-2.75,0.77363837
33.25,-2.25,0.93495876
33.25,-1.75,0.5310537
33.75,-2.75,0.9361056
33.75,-2.25,0.8058533
33.75,-1.75,1.2559937
33.75,-1.25,1.4032276
34.25,-2.25,1.2801616
34.25,-1.75,1.6070899
34.25,-1.25,2.492409
34.25,-0.75,2.5185506
34.25,-0.25,2.2533789
34.25,0.25,2.4719028
34.25,0.75,2.400206
34.25,3.25,0.71193165
34.25,3.75,0.46066734
34.25,4.25,0.22661665
34.25,4.75,0.13915433
34.75,-4.25,0.47483718
34.75,-3.75,0.6438104
34.75,-3.25,0.5831682
34.75,-2.75,0.7522205
34.75,-2.25,1.2965494
34.75,-1.75,1.8488806
34.75,-1.25,3.2992992
34.75,-0.75,3.439253
34.75,-0.25,2.6814628
34.75,0.25,3.3261929
34.75,0.75,2.5886195
34.75,1.25,1.6411289
34.75,1.75,1.3580184
34.75,2.25,0.94157207
34.75,2.75,0.43715763
34.75,3.25,0.5795722
34.75,3.75,0.34929553
34.75,4.25,0.13029903
34.75,4.75,0.069151886
35.25,-4.75,0.83656424
35.25,-4.25,0.79446393
35.25,-3.75,0.83748627
35.25,-3.25,0.637941
35.25,-2.75,0.41395646
35.25,-2.25,0.6917726
35.25,-1.75,1.7928785
35.25,-1.25,1.9023541
35.25,-0.75,3.433596
35.25,-0.25,3.0222585
35.25,0.25,2.9976285
35.25,0.75,1.640477
35.25,1.25,2.1549313
35.25,1.75,1.1654667
35.25,2.25,1.2037473
35.25,2.75,0.79931825
35.25,3.25,1.4161024
35.25,3.75,0.10862597
35.25,4.25,0.094247386
35.25,4.75,0.10784457
35.75,-4.75,0.94500214
35.75,-4.25,0.78531027
35.75,-3.75,1.0521708
35.75,-3.25,1.1386526
35.75,-2.75,1.0550257
35.75,-2.25,1.0535574
35.75,-1.75,1.9127815
35.75,-1.25,0.96479887
35.75,-0.75,3.3256505
35.75,-0.25,3.1379948
35.75,0.25,2.149745
35.75,0.75,1.7326126
35.75,1.25,1.505806
35.75,1.75,0.8657823
35.75,2.25,0.19726154
35.75,4.25,0.1540642
36.25,-5.75,0.60884386
36.25,-5.25,0.7428872
36.25,-4.75,0.7732325
36.25,-4.25,0.5773312
36.25,-3.75,0.55633795
36.25,-3.25,0.52810746
36.25,-2.75,0.452062
36.25,-2.25,0.615294
36.25,-1.75,0.80555737
36.25,-1.25,0.78855395
36.25,-0.75,2.1325414
36.25,-0.25,1.821343
36.25,0.25,1.7046638
36.25,0.75,0.7362622
36.25,1.25,0.30064234
36.25,1.75,0.20863974
36.25,2.25,0.08896143
36.25,2.75,0.1216105
36.75,-5.75,0.79933864
36.75,-5.25,1.0361881
36.75,-4.75,0.7465753
36.75,-4.25,0.5829088
36.75,-3.75,0.4155125
36.75,-3.25,0.8751933
36.75,-2.75,0.5189199
36.75,-2.25,1.0718032
36.75,-1.75,0.8297078
36.75,-1.25,1.0188613
36.75,-0.75,2.6403005
36.75,-0.25,2.9651217
36.75,0.25,1.0136515
36.75,0.75,0.72215706
36.75,1.25,1.2973269
36.75,1.75,0.2697468
36.75,2.25,1.2957755
36.75,2.75,0.8343788
36.75,3.75,0.096889004
36.75,4.25,0.2287674
37.25,-6.25,0.9510506
37.25,-5.75,1.4005857
37.25,-5.25,1.2322105
37.25,-4.75,0.64661264
37.25,-4.25,0.5836887
37.25,-3.75,0.36454993
37.25,-3.25,1.3140675
37.25,-2.75,1.1124735
37.25,-2.25,0.8107492
37.25,-1.75,1.2893516
37.25,-1.25,1.3352383
37.25,-0.75,1.7907726
37.25,-0.25,2.7551563
37.25,0.25,1.6848328
37.25,0.75,0.756173
37.25,1.25,1.8405726
37.25,1.75,1.3233552
37.25,2.25,0.19509134
37.25,2.75,0.2666431
37.25,3.75,0.102660656
37.25,4.25,0.239501
37.75,-5.75,1.6445844
37.75,-5.25,1.219521
37.75,-4.75,0.50521755
37.75,-4.25,0.5769367
37.75,-3.75,0.81605166
37.75,-3.25,1.0390525
37.75,-2.75,1.4570789
37.75,-2.25,1.4974017
37.75,-1.75,1.6912891
37.75,-1.25,1.2137271
37.75,-0.75,1.6812084
37.75,-0.25,2.445079
37.75,0.25,2.2206886
37.75,0.75,0.49692726
37.75,1.25,0.31402627
37.75,1.75,0.18049432
37.75,2.25,0.9267189
37.75,3.25,0.19849138
37.75,3.75,0.32164112
38.25,-5.75,1.7148328
38.25,-5.25,1.391655
38.25,-4.75,1.0740588
38.25,-4.25,0.9681951
38.25,-3.75,0.8783272
38.25,-3.25,1.1820115
38.25,-2.75,1.501062
38.25,-2.25,2.0099413
38.25,-1.75,1.9692189
38.25,-1.25,2.242344
38.25,-0.75,1.6667122
38.25,-0.25,1.5580968
38.25,0.25,1.5507585
38.25,0.75,0.5934644
38.25,1.25,0.31115666
38.25,1.75,0.21077521
38.25,2.25,0.55995667
38.25,2.75,0.35271978
38.25,3.25,0.3488034
38.25,3.75,0.32371312
38.75,-5.25,1.8384919
38.75,-4.75,1.5868686
38.75,-4.25,1.1983795
38.75,-3.75,1.0550529
38.75,-3.25,1.0422201
38.75,-2.75,0.8244666
38.75,-2.25,1.1078155
38.75,-1.75,1.130798
38.75,-1.25,1.2975637
38.75,-0.75,1.2115736
38.75,-0.25,0.99392194
38.75,0.25,0.6385875
38.75,0.75,0.33472964
38.75,1.25,0.54388005
38.75,1.75,0.17501888
38.75,2.25,0.35206196
38.75,2.75,0.70399314
38.75,3.25,0.67685485
38.75,3.75,0.6808
39.25,-4.25,1.4964217
39.25,-3.75,1.1356511
39.25,-3.25,0.8821897
39.25,-2.75,0.46920788
39.25,-2.25,0.55224663
39.25,-1.75,0.5783294
39.25,-1.25,0.5559641
39.25,-0.75,0.54162604
39.25,-0.25,0.59552395
39.25,0.25,0.34789097
39.25,0.75,0.2477371
39.25,1.25,0.36159
39.25,1.75,0.18430252
39.25,2.25,0.20735432
39.25,2.75,0.37722826
39.25,3.25,0.9965796
39.75,-2.75,1.2552437
39.75,-2.25,0.92765397
39.75,-1.75,0.6539815
39.75,-1.25,0.6009135
39.75,-0.75,0.44187307
39.75,-0.25,0.33466208
39.75,0.25,0.3671717
39.75,0.75,0.3289028
39.75,1.25,0.29989675
39.75,1.75,0.157455
39.75,2.25,0.19623187
39.75,2.75,0.41358945
39.75,3.25,0.5691127
39.75,3.75,0.85591185
40.25,-2.25,1.3383045
40.25,-1.75,0.99664533
40.25,-1.25,0.9058857
40.25,-0.75,0.70154405
40.25,-0.25,0.60224634
40.25,0.25,0.43566775
40.25,0.75,0.49769843
40.25,1.25,0.33809572
40.25,1.75,0.3273282
40.25,2.25,0.4709966
40.25,2.75,0.4231793
40.25,3.25,0.4932035
40.25,3.75,0.7375662
40.25,4.25,0.75500906
40.75,-1.75,1.2720748
40.75,-1.25,1.1199101
40.75,-0.75,1.0765877
40.75,-0.25,0.9386449
40.75,0.25,0.5177725
40.75,0.75,0.43580657
40.75,1.25,0.40392616
40.75,1.75,0.41996682
40.75,2.25,0.4994796
40.75,2.75,0.36867583
40.75,3.25,0.5624208
40.75,3.75,0.71252024
40.75,4.25,0.7685921
41.25,-1.25,1.820018
41.25,-0.75,1.7112072
41.25,-0.25,1.446056
41.25,0.25,0.9447323
41.25,0.75,0.6625126
41.25,1.25,0.66045266
41.25,1.75,0.7482561
41.25,2.25,0.79728734
41.25,2.75,0.66310716
41.25,3.25,0.5110612
41.25,3.75,0.5290509
41.25,4.25,0.2614956
41.75,-0.75,1.9495255
41.75,-0.25,2.3259647
41.75,0.25,1.7066684
41.75,0.75,0.77872753
41.75,1.25,1.0319742
41.75,1.75,1.0190005
41.75,2.25,1.0030166
41.75,2.75,1.4677796
41.75,3.25,0.9323993
41.75,3.75,0.4251549
42.25,-0.25,1.1826811
42.25,0.25,1.9439926
42.25,0.75,1.6468242
42.25,1.25,1.3949289
42.25,1.75,1.2385248
42.25,2.25,0.8257488
42.25,2.75,0.82585263
42.25,3.25,0.8918121
42.75,0.75,2.1399772
42.75,1.25,1.8676242
42.75,1.75,1.1220133
42.75,2.25,0.9955246
42.75,2.75,0.78429776
42.75,3.25,0.92259204
42.75,3.75,0.2037635
42.75,10.25,0.19684887
43.25,1.25,1.8912816
43.25,1.75,1.4908594
43.25,2.25,0.9954015
43.25,2.75,0.7900481
43.25,3.25,0.7088378
43.25,3.75,1.2574158
43.25,9.25,0.11041247
43.25,9.75,0.089317
43.25,10.25,0.08163543
43.75,1.25,1.5930299
43.75,1.75,1.6510937
43.75,2.25,1.2133584
43.75,2.75,0.79290235
43.75,3.25,0.8836335
43.75,3.75,1.1451157
43.75,4.75,0.38470182
43.75,9.75,0.110971585
43.75,10.25,0.13475114
44.25,1.75,1.4470628
44.25,2.25,1.1988937
44.25,2.75,0.6823735
44.25,3.25,1.0985891
44.25,3.75,1.4003841
44.75,2.25,1.193532
44.75,2.75,0.39584062
44.75,3.25,0.9367853
44.75,3.75,0.8810205
44.75,9.75,0.13230522
45.25,2.75,0.82257396
45.25,3.25,0.38385
45.25,3.75,0.2412366
45.25,4.25,0.27011326
45.25,10.25,0.5100099
45.75,2.75,1.1783696
45.75,3.25,0.83814454
45.75,3.75,0.41072306
46.25,3.25,0.89257216
46.25,3.75,0.50989515
46.25,4.25,0.24696068
46.75,3.75,0.55033606
46.75,4.25,0.5121255
47.25,4.25,0.41879284
47.25,10.75,0.63803905
47.75,4.75,0.16162854
47.75,10.75,0.114908434
48.25,5.75,0.11449706
48.75,10.75,0.11493323
267.75,15.25,1.1269817
267.75,15.75,1.7518
268.25,14.75,1.1342713
268.25,15.25,1.0082563
268.25,15.75,1.5079247
268.25,16.25,1.3181036
268.75,14.25,1.3502856
268.75,14.75,1.3438044
268.75,15.25,1.0857116
268.75,15.75,1.3686634
268.75,16.25,1.5089809
269.25,14.25,1.3554476
269.25,14.75,1.3089652
269.25,15.25,1.3470061
269.25,15.75,1.8705488
269.25,16.25,1.6709588
269.75,14.25,1.4216378
269.75,14.75,1.1850655
269.75,15.25,1.4092834
269.75,15.75,1.667445
269.75,16.25,1.5173204
270.25,14.25,1.36663
270.25,14.75,1.0637462
270.25,15.75,1.86753
270.75,13.75,1.5050365
270.75,14.25,1.2120421
270.75,14.75,0.98194146
270.75,15.25,1.17098
270.75,15.75,1.6915165
270.75,16.25,1.4194162
270.75,16.75,1.4729601
270.75,17.25,1.445087
271.25,13.75,1.3287579
271.25,14.25,1.2553076
271.25,15.25,1.1218438
271.75,13.75,1.2907069
272.25,13.75,1.2081023
273.25,12.75,1.4612197
273.25,13.25,1.4213591
273.25,13.75,0.6955556
273.75,12.25,1.2892332
273.75,12.75,1.2296082
273.75,13.25,1.2724247
273.75,13.75,0.8262603
273.75,14.25,0.8027756
274.25,11.75,1.2236712
274.25,12.25,1.0355538
274.25,12.75,1.2078176
274.25,13.25,1.3823214
274.25,13.75,1.3121806
274.75,10.75,2.308439
274.75,11.25,2.0329688
274.75,11.75,0.80321807
274.75,12.25,1.1401951
274.75,12.75,1.2749292
274.75,13.25,1.368185
274.75,13.75,1.6758316
274.75,14.25,1.7039771
274.75,14.75,1.8482623
275.25,10.75,1.9965498
275.25,11.25,1.1060847
275.25,11.75,1.0481783
275.25,12.25,1.0774918
275.25,12.75,1.221949
275.25,13.25,1.3047694
275.25,13.75,1.5502827
275.25,14.25,1.7374969
275.25,14.75,1.3549125
275.75,9.75,1.8425059
275.75,10.25,1.7682202
275.75,10.75,1.9629623
275.75,11.25,1.3084435
275.75,11.75,1.0223689
275.75,12.25,1.0762064
275.75,12.75,1.2182363
275.75,13.25,1.4212642
275.75,13.75,1.6525276
275.75,14.25,1.6887349
275.75,14.75,1.4482749
276.25,9.75,2.3575025
276.25,10.25,2.1656516
276.25,13.75,1.0995497
276.25,14.25,0.91517043
276.25,14.75,0.5052482
276.75,9.25,2.131636
277.25,8.75,2.0170615
278.75,22.75,0.9183296
279.25,22.75,0.7201117
280.25,22.25,0.9418649
281.75,21.25,0.78902465
281.75,21.75,0.8058356
282.25,21.25,0.9165065
282.75,21.25,0.74049777
283.25,20.25,0.9775805
283.25,20.75,0.49976048
283.75,20.25,1.037423
283.75,20.75,0.60617733
284.25,20.25,1.3012587
284.75,20.25,1.1336715
287.75,19.25,0.7601698
288.25,18.75,0.95905155
288.25,19.25,0.8105516
288.75,18.75,1.0568913
288.75,19.25,1.333458
289.25,18.75,1.3177526
289.25,19.25,1.5283368
289.75,18.75,1.7129059
289.75,19.25,1.5503336
290.25,18.75,1.3219105
290.75,18.75,1.2004454
298.75,-10.75,4.801439
298.75,-10.25,5.194637
298.75,-9.75,4.92661
298.75,-9.25,4.836201
299.25,-15.25,1.8713953
299.25,-10.75,4.856069
299.25,-10.25,5.2350335
299.25,-9.75,5.560402
299.25,-9.25,5.229295
299.25,-8.75,4.6267614
299.75,-16.25,3.0706418
299.75,-15.25,2.6823907
299.75,-14.75,2.9896135
299.75,-14.25,4.6688323
299.75,-13.75,5.2483096
299.75,-13.25,4.8937464
299.75,-12.75,5.0603423
299.75,-10.25,4.3429685
299.75,-9.25,4.9225373
299.75,-8.75,5.0436864
300.25,-16.25,3.3079894
300.25,-15.75,3.1671805
300.25,-15.25,3.015709
300.25,-14.75,4.4116335
300.25,-14.25,5.5673866
300.25,-13.75,4.091257
300.25,-13.25,4.690057
300.25,-12.75,4.845846
300.25,-12.25,5.383245
300.25,-11.75,4.9421563
300.25,-10.75,5.1660576
300.25,-10.25,5.1950655
300.25,-9.75,4.801515
300.25,-9.25,5.071136
300.75,-16.25,3.4095352
300.75,-15.75,3.1983228
300.75,-15.25,3.6424828
300.75,-14.75,3.5768042
300.75,-14.25,1.6197801
300.75,-13.75,4.7479167
300.75,-13.25,5.2758384
300.75,-12.75,4.5187073
300.75,-12.25,4.9357715
300.75,-11.75,5.2193027
300.75,-11.25,5.328557
300.75,-10.75,5.128701
300.75,-10.25,5.288422
300.75,-9.75,5.2107205
300.75,-9.25,5.5295568
301.25,-16.25,2.7695947
301.25,-15.75,3.0889003
301.25,-15.25,3.7429645
301.25,-14.75,2.6196187
301.25,-14.25,1.4758276
301.25,-13.75,2.3844047
301.25,-12.25,5.7156425
301.25,-11.75,5.021853
301.25,-11.25,4.4897356
301.25,-10.75,5.2806997
301.25,-10.25,5.28389
301.25,-9.75,5.208616
301.25,-9.25,5.2956586
301.25,-8.75,4.988886
301.75,-17.25,1.1063031
301.75,-16.75,1.6510103
301.75,-16.25,3.3060825
301.75,-15.75,3.1149955
301.75,-15.25,3.4828656
301.75,-14.75,3.3263211
301.75,-14.25,1.6966872
301.75,-13.75,2.2527978
301.75,-13.25,2.6923044
301.75,-12.75,2.9164321
301.75,-12.25,4.730447
301.75,-11.75,4.938444
301.75,-11.25,5.203638
301.75,-10.75,5.218102
301.75,-10.25,5.2347593
301.75,-9.75,5.297997
301.75,-9.25,4.9659004
301.75,-8.75,4.7706575
301.75,-8.25,4.9393206
301.75,-7.75,4.857092
301.75,-7.25,4.5016913
302.25,-19.25,4.720115
302.25,-17.25,1.9585546
302.25,-16.75,4.2403336
302.25,-16.25,3.4492393
302.25,-15.75,3.6910436
302.25,-15.25,3.8796465
302.25,-14.75,3.6456144
302.25,-14.25,2.1865656
302.25,-13.75,2.3899329
302.25,-13.25,2.9333537
302.25,-12.75,5.535995
302.25,-12.25,5.2399163
302.25,-11.75,4.918542
302.25,-11.25,4.742376
302.25,-10.75,5.192634
302.25,-10.25,5.106307
302.25,-9.75,5.2891927
302.25,-9.25,4.522373
302.25,-8.75,4.4616876
302.25,-8.25,4.719556
302.75,-21.75,2.7347128
302.75,-19.75,2.9341676
302.75,-17.75,4.450032
302.75,-17.25,4.8621655
302.75,-16.75,3.524621
302.75,-16.25,3.6338947
302.75,-15.75,3.3985064
302.75,-15.25,3.6109428
302.75,-14.75,3.3020942
302.75,-14.25,2.9854054
302.75,-13.75,2.2283173
302.75,-13.25,4.1540136
302.75,-12.75,5.272483
302.75,-12.25,5.3468194
302.75,-11.75,4.819309
302.75,-11.25,4.6454015
302.75,-10.75,5.3089867
302.75,-10.25,5.3053775
302.75,-9.75,5.1708746
302.75,-9.25,5.386541
303.25,-30.25,1.8007163
303.25,-29.25,1.6610018
303.25,-22.25,3.2184753
303.25,-21.75,2.8553233
303.25,-21.25,3.3332276
303.25,-20.75,3.2276835
303.25,-20.25,3.6637046
303.25,-19.75,3.2338912
303.25,-17.75,4.428761
303.25,-17.25,5.281564
303.25,-16.75,4.4797735
303.25,-16.25,3.182139
303.25,-15.75,2.90042
303.25,-15.25,3.216653
303.25,-14.75,3.5321643
303.25,-14.25,3.390801
303.25,-13.75,3.9525495
303.25,-13.25,5.4413147
303.25,-12.75,4.5455637
303.25,-12.25,4.8209023
303.25,-11.75,5.3170443
303.25,-11.25,4.662773
303.25,-10.75,5.311097
303.25,-10.25,4.9641056
303.25,-9.75,4.9859033
303.25,-9.25,4.4814153
303.75,-30.75,1.5216919
303.75,-30.25,1.7896316
303.75,-29.75,1.7231059
303.75,-29.25,1.638094
303.75,-28.75,2.8944955
303.75,-21.75,2.990186
303.75,-21.25,2.7639923
303.75,-20.75,2.9993176
303.75,-20.25,3.4933946
303.75,-19.75,3.1934197
303.75,-17.25,5.320314
303.75,-16.75,4.2615366
303.75,-16.25,3.211724
303.75,-15.75,2.841723
303.75,-15.25,2.9592824
303.75,-14.75,2.7464576
303.75,-14.25,3.100089
303.75,-13.75,3.560743
303.75,-13.25,2.6679134
303.75,-12.75,2.7044945
303.75,-12.25,3.4129345
303.75,-11.75,4.8646774
303.75,-11.25,4.823144
303.75,-10.75,5.1619177
303.75,-10.25,4.9560533
303.75,-9.75,4.6398773
303.75,-9.25,4.9122515
304.25,-31.25,1.5896541
304.25,-30.25,1.9648232
304.25,-29.75,1.6769544
304.25,-29.25,1.6769468
304.25,-28.75,2.6722424
304.25,-28.25,2.2504416
304.25,-23.25,2.6209865
304.25,-22.75,2.6482103
304.25,-22.25,2.268319
304.25,-21.75,2.1428428
304.25,-21.25,2.528933
304.25,-20.75,2.7887187
304.25,-17.25,2.256406
304.25,-16.75,2.3803997
304.25,-16.25,3.682601
304.25,-15.75,3.6291947
304.25,-15.25,3.188619
304.25,-14.75,3.112917
304.25,-14.25,3.8293574
304.25,-13.75,3.4548302
304.25,-13.25,2.4062533
304.25,-12.75,2.4902103
304.25,-12.25,3.0904992
304.25,-11.75,3.870977
304.25,-11.25,5.1958137
304.25,-10.75,4.351456
304.25,-10.25,4.0893297
304.25,-9.75,4.7794805
304.75,-31.25,2.1411734
304.75,-30.75,2.038395
304.75,-30.25,2.0245016
304.75,-29.75,1.8214852
304.75,-29.25,2.127895
304.75,-28.75,2.177748
304.75,-28.25,2.446386
304.75,-27.75,4.6169815
304.75,-23.75,1.7582942
304.75,-23.25,2.2110996
304.75,-22.75,2.2348645
304.75,-22.25,2.274583
304.75,-21.75,2.2371233
304.75,-21.25,2.0546124
304.75,-20.75,2.6701515
304.75,-20.25,2.4834049
304.75,-19.75,2.3522754
304.75,-19.25,3.1324503
304.75,-18.25,2.465793
304.75,-17.75,2.905117
304.75,-17.25,3.3935504
304.75,-16.75,3.4237833
304.75,-16.25,2.5343072
304.75,-15.75,2.5747159
304.75,-15.25,2.7322025
304.75,-14.75,3.0659225
304.75,-14.25,2.8763635
304.75,-13.75,3.889751
304.75,-13.25,2.5872216
304.75,-12.75,3.7988472
304.75,-12.25,4.331729
304.75,-11.75,4.0741053
304.75,-11.25,5.1923857
304.75,-10.75,4.1029243
304.75,-10.25,3.6970546
304.75,-9.75,3.1791995
305.25,-31.25,1.9238797
305.25,-30.75,1.9478302
305.25,-30.25,1.8860873
305.25,-29.75,2.0912516
305.25,-29.25,2.6910973
305.25,-28.75,2.3736975
305.25,-28.25,2.424199
305.25,-27.75,4.4272594
305.25,-25.75,2.041274
305.25,-23.75,1.5105275
305.25,-23.25,2.2215092
305.25,-22.75,2.380042
305.25,-22.25,2.2269754
305.25,-21.75,2.2180305
305.25,-21.25,2.06815
305.25,-20.75,2.12938
305.25,-20.25,2.143145
305.25,-19.75,2.716744
305.25,-19.25,2.3698668
305.25,-18.75,2.705766
305.25,-18.25,2.7858438
305.25,-17.75,2.97813
305.25,-17.25,2.5766037
305.25,-16.75,2.8766959
305.25,-16.25,3.3160088
305.25,-15.75,3.1483095
305.25,-15.25,2.589186
305.25,-14.75,2.6241088
305.25,-14.25,2.3757021
305.25,-13.75,3.640561
305.25,-12.25,5.1251717
305.25,-11.75,5.2867785
305.25,-11.25,5.0304847
305.25,-10.75,4.523994
305.25,-10.25,4.3253107
305.25,-9.75,4.7470746
305.75,-31.25,1.9557593
305.75,-30.75,2.4390254
305.75,-30.25,1.9756694
305.75,-29.75,2.4041383
305.75,-29.25,2.442691
305.75,-28.75,2.4271164
305.75,-28.25,2.3384063
305.75,-27.75,2.4548311
305.75,-27.25,2.715391
305.75,-25.75,4.217818
305.75,-25.25,2.5860922
305.75,-24.75,2.6094496
305.75,-24.25,2.3611572
305.75,-23.75,2.4917736
305.75,-23.25,2.6836154
305.75,-22.75,2.3502536
305.75,-22.25,2.045792
305.75,-21.75,2.5998907
305.75,-21.25,2.0565162
305.75,-20.75,1.6438209
305.75,-20.25,1.8182334
305.75,-19.75,2.302758
305.75,-19.25,2.8659356
305.75,-18.75,2.7026608
305.75,-18.25,2.6662927
305.75,-17.75,2.4342468
305.75,-17.25,2.435865
305.75,-16.75,3.0457895
305.75,-16.25,3.390266
305.75,-15.75,2.9202724
305.75,-15.25,2.4805782
305.75,-14.75,2.1097226
305.75,-14.25,2.1609104
305.75,-13.75,2.6234913
305.75,-10.75,4.9759035
305.75,-10.25,5.5784774
305.75,-9.75,5.6338162
306.25,-32.25,2.3789153
306.25,-31.75,2.0636094
306.25,-31.25,1.903862
306.25,-30.75,2.6792583
306.25,-30.25,2.2633588
306.25,-29.75,2.7814348
306.25,-29.25,2.4064128
306.25,-28.75,2.2361343
306.25,-28.25,2.2352316
306.25,-27.75,2.2534626
306.25,-27.25,3.055504
306.25,-26.75,4.9565835
306.25,-26.25,5.5512357
306.25,-25.75,4.318642
306.25,-25.25,3.2201273
306.25,-24.75,2.3094008
306.25,-24.25,1.9662842
306.25,-23.75,2.2212646
306.25,-23.25,2.6846454
306.25,-22.75,2.8114533
306.25,-22.25,2.5133753
306.25,-21.75,2.1530895
306.25,-21.25,2.24457
306.25,-20.25,1.457019
306.25,-19.75,1.8998276
306.25,-19.25,2.4778721
306.25,-18.75,2.6129665
306.25,-18.25,2.8978548
306.25,-17.75,3.6106708
306.25,-17.25,2.1111834
306.25,-16.75,2.258931
306.25,-16.25,2.5605903
306.25,-15.75,2.603989
306.25,-15.25,2.7096024
306.25,-14.75,2.3768842
306.25,-14.25,2.2852397
306.25,-13.75,1.901051
306.25,-10.75,5.4805365
306.25,-10.25,5.459984
306.25,-9.75,5.5512414
306.75,-33.25,1.7850308
306.75,-32.25,2.0688972
306.75,-31.75,2.6957562
306.75,-31.25,2.722017
306.75,-30.75,2.634954
306.75,-30.25,2.274255
306.75,-29.75,3.0940487
306.75,-29.25,3.200051
306.75,-28.75,2.1141458
306.75,-28.25,2.1775713
306.75,-27.75,2.2931304
306.75,-27.25,2.883055
306.75,-26.75,3.4131658
306.75,-26.25,3.7821438
306.75,-25.75,3.3112404
306.75,-25.25,3.3951378
306.75,-24.75,2.5742064
306.75,-24.25,2.353014
306.75,-23.75,2.3857543
306.75,-23.25,2.4577558
306.75,-22.75,2.7563136
306.75,-22.25,2.6156569
306.75,-21.75,2.4244306
306.75,-21.25,2.2034822
306.75,-20.75,2.1073134
306.75,-20.25,1.8541323
306.75,-19.75,2.414561
306.75,-19.25,2.1529162
306.75,-18.75,2.418267
306.75,-18.25,2.6040645
306.75,-17.75,2.809878
306.75,-17.25,2.1210654
306.75,-16.75,2.5341287
306.75,-16.25,2.2623653
306.75,-15.75,2.7054458
306.75,-15.25,2.576276
306.75,-14.75,2.8271847
306.75,-14.25,3.487079
306.75,-13.75,3.0508242
306.75,-10.75,4.9804816
306.75,-9.75,4.783844
307.25,-32.75,1.6735027
307.25,-32.25,1.7126745
307.25,-31.75,2.17382
307.25,-31.25,2.631654
307.25,-30.75,2.823832
307.25,-30.25,2.2725635
307.25,-29.75,2.920681
307.25,-29.25,3.5827909
307.25,-28.75,2.3668394
307.25,-28.25,2.2086
307.25,-27.75,2.2142394
307.25,-27.25,3.1390648
307.25,-26.75,3.0557883
307.25,-26.25,2.8636336
307.25,-25.75,3.131359
307.25,-25.25,3.745016
307.25,-24.75,3.320542
307.25,-24.25,2.1237936
307.25,-23.75,2.507393
307.25,-23.25,2.7410247
307.25,-22.75,2.2071292
307.25,-22.25,2.1961563
307.25,-21.75,2.482286
307.25,-21.25,2.4193902
307.25,-20.75,2.3541446
307.25,-20.25,1.9180495
307.25,-19.75,2.4698617
307.25,-19.25,1.9493911
307.25,-18.75,2.210442
307.25,-18.25,2.2971869
307.25,-17.75,2.3101232
307.25,-17.25,2.3428595
307.25,-16.75,2.444899
307.25,-16.25,2.6194446
307.25,-15.75,3.075072
307.25,-15.25,3.3372202
307.25,-14.75,3.2331772
307.25,-14.25,2.8102074
307.25,-13.75,2.5847785
307.25,-13.25,2.991219
307.25,-12.75,4.9355845
307.25,-12.25,5.125582
307.25,-11.75,5.017285
307.25,-11.25,5.118119
307.25,-10.75,4.2287674
307.25,-10.25,4.8753667
307.25,-9.75,5.0464673
307.75,-31.75,2.387777
307.75,-31.25,2.536124
307.75,-30.75,2.4835
307.75,-30.25,2.77915
307.75,-29.75,2.7552705
307.75,-29.25,3.801097
307.75,-28.75,3.3364222
307.75,-28.25,2.4336789
307.75,-27.75,2.5650253
307.75,-27.25,3.022588
307.75,-26.75,3.0114555
307.75,-26.25,3.0897431
307.75,-25.75,3.1455407
307.75,-25.25,3.4640021
307.75,-24.75,3.614145
307.75,-24.25,2.7758145
307.75,-23.75,2.4551384
307.75,-23.25,2.28556
307.75,-22.75,2.2024121
307.75,-22.25,2.2711828
307.75,-21.75,1.8597102
307.75,-21.25,2.4052503
307.75,-20.75,2.8715532
307.75,-20.25,2.599963
307.75,-19.75,2.1395836
307.75,-19.25,2.24907
307.75,-18.75,2.1769197
307.75,-18.25,2.5136185
307.75,-17.75,2.67328
307.75,-17.25,2.6573288
307.75,-16.75,2.5468416
307.75,-16.25,2.8935761
307.75,-15.75,2.3525176
307.75,-15.25,2.9184933
307.75,-14.75,2.9280303
307.75,-14.25,2.8776224
307.75,-13.75,2.5970335
307.75,-13.25,2.5672097
307.75,-12.75,4.0751925
307.75,-12.25,4.3478527
307.75,-11.75,4.6566815
307.75,-11.25,4.4311924
307.75,-10.75,4.1658597
307.75,-10.25,4.4888635
307.75,-9.75,5.542436
308.25,-31.25,1.8776544
308.25,-30.75,2.8451116
308.25,-30.25,2.9274242
308.25,-29.75,3.1822312
308.25,-29.25,3.794009
308.25,-28.75,3.314055
308.25,-28.25,2.5006874
308.25,-27.75,2.696281
308.25,-27.25,3.3180635
308.25,-26.75,3.715815
308.25,-26.25,3.7223732
308.25,-25.75,2.9635837
308.25,-25.25,2.5252156
308.25,-24.75,3.5115132
308.25,-24.25,3.0237324
308.25,-23.75,2.8532524
308.25,-23.25,2.4423926
308.25,-22.75,2.1382933
308.25,-22.25,1.9883415
308.25,-21.75,1.9005027
308.25,-21.25,2.0003116
308.25,-20.75,2.3789258
308.25,-20.25,2.3625298
308.25,-19.75,2.1889777
308.25,-19.25,2.7999601
308.25,-18.75,2.4695587
308.25,-18.25,2.3885074
308.25,-17.75,2.532142
308.25,-17.25,2.3501582
308.25,-16.75,2.5632477
308.25,-16.25,2.7798915
308.25,-15.75,2.7990391
308.25,-14.75,3.0993788
308.25,-14.25,2.6873581
308.25,-13.75,2.470466
308.25,-13.25,3.1700265
308.25,-12.75,3.8532383
308.25,-12.25,3.8724182
308.25,-11.75,4.591147
308.25,-11.25,3.9934683
308.25,-10.75,3.3388371
308.25,-10.25,4.9314303
308.25,-9.75,5.635437
308.75,-30.75,1.7149465
308.75,-30.25,2.5012658
308.75,-29.75,3.2244287
308.75,-29.25,3.9904332
308.75,-28.75,3.657365
308.75,-28.25,2.1381838
308.75,-27.75,3.2877014
308.75,-27.25,3.0369081
308.75,-26.75,3.834953
308.75,-26.25,4.216714
308.75,-25.75,4.236548
308.75,-25.25,4.4190516
308.75,-24.75,4.1670423
308.75,-24.25,3.8296893
308.75,-23.75,3.118803
308.75,-23.25,2.5951726
308.75,-22.75,2.5150928
308.75,-22.25,2.1839726
308.75,-21.75,2.1745186
308.75,-21.25,2.2881343
308.75,-20.75,2.3360283
308.75,-20.25,2.3625479
308.75,-19.75,2.0831668
308.75,-19.25,2.2382116
308.75,-18.75,2.5309253
308.75,-18.25,2.2794504
308.75,-17.75,2.3243778
308.75,-17.25,2.2262876
308.75,-16.75,2.4460657
308.75,-16.25,2.7781878
308.75,-15.75,2.941993
308.75,-15.25,2.9728017
308.75,-14.75,3.4500167
308.75,-13.25,3.1079645
308.75,-12.75,2.547143
308.75,-12.25,3.6732652
308.75,-11.75,3.3309069
308.75,-11.25,2.5865448
308.75,-10.75,4.393527
308.75,-10.25,4.4935727
308.75,-9.75,4.985334
309.25,-30.25,1.9878488
309.25,-29.75,3.5675159
309.25,-29.25,3.7009082
309.25,-28.75,2.8092887
309.25,-28.25,2.5616288
309.25,-27.75,3.5650373
309.25,-27.25,3.2644413
309.25,-26.75,4.0062704
309.25,-26.25,3.6995044
309.25,-25.75,3.8086827
309.25,-25.25,3.2989604
309.25,-24.75,3.942106
309.25,-24.25,4.2331676
309.25,-23.75,3.4596016
309.25,-23.25,2.712707
309.25,-22.75,2.2630997
309.25,-22.25,2.2234292
309.25,-21.75,2.1959774
309.25,-21.25,2.5392299
309.25,-20.75,2.3557777
309.25,-20.25,2.2252471
309.25,-19.75,2.2318668
309.25,-19.25,2.495112
309.25,-18.75,2.5293512
309.25,-18.25,2.5788472
309.25,-17.75,2.5384452
309.25,-17.25,2.275956
309.25,-16.75,2.660051
309.25,-16.25,3.2696633
309.25,-15.75,2.8417492
309.25,-15.25,2.8497083
309.25,-14.75,2.8952227
309.25,-14.25,3.1421702
309.25,-13.75,3.1281865
309.25,-13.25,3.7966046
309.25,-12.75,2.4630067
309.25,-12.25,2.0871127
309.25,-11.75,1.9189777
309.25,-11.25,1.9662919
309.25,-10.75,2.2814112
309.25,-10.25,4.5447745
309.25,-9.75,3.5815399
309.75,-29.25,3.2899926
309.75,-28.75,2.846982
309.75,-28.25,2.4541197
309.75,-27.75,3.2359958
309.75,-27.25,3.9397693
309.75,-26.75,4.111247
309.75,-26.25,3.6363766
309.75,-25.75,3.8742793
309.75,-25.25,2.7692873
309.75,-24.75,2.9326663
309.75,-24.25,3.1175144
309.75,-23.75,3.1063511
309.75,-23.25,2.9607265
309.75,-22.75,2.4032538
309.75,-22.25,2.3304234
309.75,-21.75,2.035193
309.75,-21.25,2.1047158
309.75,-20.75,2.350493
309.75,-20.25,2.403871
309.75,-19.75,2.166093
309.75,-19.25,2.3081713
309.75,-18.75,2.1435015
309.75,-18.25,2.1457143
309.75,-17.75,2.49701
309.75,-17.25,2.4055192
309.75,-16.75,2.6855328
309.75,-16.25,2.832859
309.75,-15.75,3.2023668
309.75,-15.25,3.2117493
309.75,-14.75,2.8926227
309.75,-14.25,3.0569804
309.75,-13.75,3.273167
309.75,-13.25,3.165171
309.75,-12.75,3.2186847
309.75,-12.25,3.4748106
309.75,-10.25,3.2218952
309.75,-9.75,3.5760326
310.25,-28.75,3.135406
310.25,-28.25,3.2261314
310.25,-27.75,3.8791983
310.25,-27.25,3.3448484
310.25,-26.75,3.7764876
310.25,-26.25,3.8839836
310.25,-25.75,3.115286
310.25,-25.25,3.341362
310.25,-24.75,3.2415028
310.25,-24.25,3.4247518
310.25,-23.75,2.655092
310.25,-23.25,3.0339391
310.25,-22.75,2.4870112
310.25,-22.25,3.0802407
310.25,-21.75,2.511041
310.25,-21.25,2.3607714
310.25,-20.75,2.4574554
310.25,-20.25,2.3113852
310.25,-19.75,2.0453007
310.25,-19.25,2.271441
310.25,-18.75,2.3455682
310.25,-18.25,2.200633
310.25,-17.75,2.2142603
310.25,-17.25,2.5613773
310.25,-16.75,2.7524023
310.25,-16.25,2.9897637
310.25,-15.75,2.7752712
310.25,-15.25,2.859015
310.25,-14.75,3.1852527
310.25,-14.25,3.090874
310.25,-13.75,3.2267654
310.25,-13.25,2.920052
310.75,-28.25,4.099641
310.75,-27.75,3.9228847
310.75,-27.25,3.8204262
310.75,-26.75,4.192845
310.75,-26.25,4.0395713
310.75,-25.75,3.140735
310.75,-25.25,3.690295
310.75,-24.75,4.246225
310.75,-24.25,3.7429388
310.75,-23.75,2.4059849
310.75,-23.25,2.6140912
310.75,-22.75,2.556261
310.75,-22.25,2.7405937
310.75,-21.75,2.1524696
310.75,-21.25,2.556281
310.75,-20.75,2.5230653
310.75,-20.25,2.5322428
310.75,-19.75,2.2680774
310.75,-19.25,2.1127977
310.75,-18.75,2.3892124
310.75,-18.25,2.5656073
310.75,-17.75,2.5598269
310.75,-17.25,2.6442673
310.75,-16.75,2.598045
310.75,-16.25,3.14429
310.75,-15.75,3.0979092
310.75,-15.25,2.948305
310.75,-14.75,2.8271828
310.75,-14.25,2.9174747
310.75,-13.75,3.0719109
310.75,-13.25,3.043166
310.75,-12.75,2.3524709
311.25,-25.25,4.319688
311.25,-24.75,4.3981347
311.25,-24.25,3.7384377
311.25,-23.75,2.9388535
311.25,-23.25,2.8540542
311.25,-22.75,2.8967566
311.25,-22.25,2.6045215
311.25,-21.75,2.4841385
311.25,-21.25,2.3004541
311.25,-20.75,2.7721899
311.25,-20.25,2.4159296
311.25,-19.75,2.2410746
311.25,-19.25,1.9931922
311.25,-18.75,2.2787883
311.25,-18.25,2.8103917
311.25,-17.75,2.5851276
311.25,-17.25,2.4517088
311.25,-16.75,2.707373
311.25,-16.25,2.476151
311.25,-15.75,2.6444848
311.25,-15.25,2.852707
311.25,-14.75,2.8963413
311.25,-14.25,2.9724092
311.25,-13.75,3.5357032
311.25,-13.25,3.3501909
311.25,-12.75,2.73759
311.75,-24.75,4.4526644
311.75,-24.25,3.5455844
311.75,-23.75,3.0849597
311.75,-23.25,2.6768203
311.75,-22.75,2.8851926
311.75,-22.25,2.8247845
311.75,-21.75,2.8597047
311.75,-21.25,2.6821816
311.75,-20.75,2.7839289
311.75,-20.25,2.4062665
311.75,-19.75,2.1147127
311.75,-19.25,2.4602897
311.75,-18.75,2.602514
311.75,-18.25,2.8277411
311.75,-17.75,2.4551852
311.75,-17.25,2.780045
311.75,-16.75,2.450991
311.75,-16.25,2.2538273
311.75,-15.75,1.7801688
311.75,-15.25,3.1356459
311.75,-14.75,3.1207752
311.75,-14.25,3.040715
311.75,-13.75,3.4805684
311.75,-13.25,3.4891398
312.25,-24.25,4.6709166
312.25,-23.75,3.113738
312.25,-23.25,2.3852448
312.25,-22.75,2.7009418
312.25,-22.25,2.944567
312.25,-21.75,3.0767915
312.25,-21.25,3.179287
312.25,-20.75,2.9547834
312.25,-20.25,2.6912205
312.25,-19.75,2.572768
312.25,-19.25,2.363659
312.25,-18.75,2.7084308
312.25,-18.25,2.3875332
312.25,-17.75,2.2473075
312.25,-17.25,2.179289
312.25,-16.75,2.184147
312.25,-16.25,2.0794165
312.25,-15.75,1.9368443
312.25,-15.25,2.8547556
312.25,-14.75,2.3285632
312.25,-14.25,2.459182
312.25,-13.75,2.9551713
312.25,-13.25,2.2044432
312.75,-23.75,3.3628845
312.75,-23.25,2.614132
312.75,-22.75,2.389392
312.75,-22.25,3.102617
312.75,-21.75,3.0311182
312.75,-21.25,3.1372807
312.75,-20.75,3.1705284
312.75,-20.25,2.8132906
312.75,-19.75,2.3220978
312.75,-19.25,2.2100382
312.75,-18.75,2.428244
312.75,-18.25,2.0192502
312.75,-17.75,2.118096
312.75,-17.25,1.9229629
312.75,-16.75,1.9177985
312.75,-16.25,2.0019102
312.75,-15.75,1.901057
312.75,-15.25,2.4662826
312.75,-14.75,2.8103507
312.75,-14.25,2.5614538
312.75,-13.75,2.5755322
312.75,-13.25,3.050497
313.25,-23.25,3.0520465
313.25,-22.75,2.9561727
313.25,-22.25,2.991976
313.25,-21.75,3.1254985
313.25,-21.25,3.3095279
313.25,-20.75,2.9456494
313.25,-20.25,2.4847589
313.25,-19.75,1.8806553
313.25,-19.25,2.1085894
313.25,-18.75,2.2955894
313.25,-18.25,2.1009583
313.25,-17.75,2.3657048
313.25,-17.25,2.5569897
313.25,-16.75,2.4688249
313.25,-16.25,2.082571
313.25,-15.75,2.2541492
313.25,-15.25,1.8427192
313.25,-14.75,2.4184668
313.25,-14.25,3.006889
313.25,-13.75,3.5097504
313.25,-13.25,3.382815
313.75,-23.25,3.9836857
313.75,-22.75,3.2516086
313.75,-22.25,2.8632274
313.75,-21.75,2.7033424
313.75,-21.25,2.7871027
313.75,-20.75,2.7239954
313.75,-20.25,2.08318
313.75,-19.75,2.337895
313.75,-19.25,2.2207584
313.75,-18.75,2.218819
313.75,-18.25,2.048603
313.75,-17.75,2.2589383
313.75,-17.25,2.444616
313.75,-16.75,1.9645523
313.75,-16.25,2.233834
313.75,-15.75,2.3380113
313.75,-15.25,1.9151025
313.75,-14.75,1.8064687
313.75,-14.25,2.5932205
313.75,-13.75,2.456066
313.75,-13.25,2.7010632
313.75,-12.75,1.8080763
314.25,-23.25,3.9408953
314.25,-22.75,3.744871
314.25,-22.25,2.7590694
314.25,-21.75,2.6817718
314.25,-21.25,2.6007502
314.25,-20.75,2.185986
314.25,-20.25,2.3255448
314.25,-19.75,2.1489427
314.25,-19.25,2.3618946
314.25,-18.75,2.0737653
314.25,-18.25,1.6998202
314.25,-17.75,1.6271086
314.25,-17.25,2.0733385
314.25,-16.75,1.8972955
314.25,-16.25,2.122642
314.25,-15.75,2.4387827
314.25,-15.25,2.2184293
314.25,-14.75,1.3580449
314.25,-14.25,1.2796532
314.75,-22.75,3.3457506
314.75,-22.25,3.459931
314.75,-21.75,2.4136832
314.75,-21.25,2.4361088
314.75,-20.75,2.2554934
314.75,-20.25,2.2672567
314.75,-19.75,2.2584953
314.75,-19.25,1.8666205
314.75,-18.75,2.1504116
314.75,-18.25,1.5884342
314.75,-17.75,1.7570369
314.75,-17.25,1.7496281
314.75,-16.75,2.3357768
314.75,-16.25,2.9149404
314.75,-15.75,2.6104789
314.75,-15.25,2.1493452
314.75,-14.75,1.4176309
315.25,-22.75,3.6988935
315.25,-22.25,3.6305823
315.25,-21.75,2.3187385
315.25,-21.25,2.0397303
315.25,-20.75,2.413729
315.25,-20.25,2.59578
315.25,-19.75,2.660734
315.25,-19.25,2.1641386
315.25,-18.75,2.3012097
315.25,-18.25,2.001685
315.25,-17.75,2.4193897
315.25,-17.25,2.843221
315.25,-16.75,2.9188745
315.25,-16.25,3.1476884
315.25,-15.75,2.8570378
315.25,-15.25,1.6824157
315.25,-14.75,2.1570532
315.25,-14.25,2.4240792
315.75,-22.25,4.0576296
315.75,-21.75,2.1598392
315.75,-21.25,1.7893331
315.75,-20.75,2.3121333
315.75,-20.25,2.6012707
315.75,-19.75,2.6703868
315.75,-19.25,1.9918742
315.75,-18.75,2.0174122
315.75,-18.25,2.4824605
315.75,-17.75,2.3869784
315.75,-17.25,2.8034093
315.75,-16.75,2.8852937
315.75,-16.25,2.9864762
315.75,-15.75,3.0581603
315.75,-15.25,3.2715874
315.75,-14.75,3.0696223
315.75,-14.25,2.576772
316.25,-22.25,3.696066
316.25,-21.75,2.8422897
316.25,-21.25,2.6745648
316.25,-20.75,2.67257
316.25,-20.25,2.3881433
316.25,-19.75,3.528311
316.25,-19.25,2.2621408
316.25,-18.75,2.1179006
316.25,-18.25,1.7678509
316.25,-17.75,2.0526667
316.25,-17.25,2.7668703
316.25,-16.75,2.9855165
316.25,-16.25,3.1886442
316.25,-15.75,3.4225783
316.25,-15.25,3.1057584
316.25,-14.75,3.0955267
316.25,-14.25,2.4652998
316.75,-22.25,3.4558833
316.75,-21.75,2.784651
316.75,-21.25,2.6658583
316.75,-20.75,2.6232574
316.75,-20.25,2.7672734
316.75,-19.75,3.4318478
316.75,-19.25,3.1105368
316.75,-18.75,3.7148905
316.75,-18.25,3.5242627
316.75,-17.75,3.1334455
316.75,-17.25,2.4880564
316.75,-16.75,2.3948271
316.75,-16.25,2.7131312
316.75,-15.75,2.6994388
316.75,-15.25,2.6882722
316.75,-14.75,2.8181276
317.25,-22.25,3.7259338
317.25,-21.75,2.8176596
317.25,-21.25,2.517848
317.25,-20.75,2.5797665
317.25,-20.25,2.4728503
317.25,-19.75,3.1155088
317.25,-19.25,3.291482
317.25,-18.75,3.3805442
317.25,-18.25,3.268927
317.25,-17.75,3.689447
317.25,-17.25,3.2897599
317.25,-16.75,3.5188975
317.25,-16.25,3.4418862
317.25,-15.75,2.534164
317.25,-15.25,2.6362436
317.25,-14.75,2.473941
317.75,-22.25,3.9021406
317.75,-21.75,2.6721876
317.75,-21.25,2.8446374
317.75,-20.75,3.1485858
317.75,-20.25,2.8980238
317.75,-19.75,2.7486813
317.75,-19.25,2.7600102
317.75,-18.75,2.8968732
317.75,-18.25,2.9040718
317.75,-17.75,3.761453
317.75,-17.25,3.5051696
317.75,-16.75,3.0922482
317.75,-16.25,3.145023
317.75,-15.75,3.0975752
317.75,-15.25,3.0217724
318.25,-21.75,2.780989
318.25,-21.25,2.6269128
318.25,-20.75,3.0854402
318.25,-20.25,3.046741
318.25,-19.75,2.7429001
318.25,-19.25,2.542754
318.25,-18.75,2.0978003
318.25,-18.25,2.505647
318.25,-17.75,3.7798057
318.25,-17.25,4.019138
318.25,-16.75,3.4422696
318.25,-16.25,3.1537352
318.25,-15.75,3.418508
318.25,-15.25,2.7857616
318.75,-21.25,2.6381977
318.75,-20.75,3.2689726
318.75,-20.25,3.4218931
318.75,-19.75,2.743105
318.75,-19.25,2.5166342
318.75,-18.75,2.283898
318.75,-18.25,2.5005548
318.75,-17.75,2.9035425
318.75,-17.25,3.464916
318.75,-16.75,3.3904018
318.75,-16.25,3.4190176
318.75,-15.75,3.9848423
319.25,-20.25,3.7196245
319.25,-19.75,3.0231047
319.25,-19.25,2.4912286
319.25,-18.75,2.3432798
319.25,-18.25,2.2104375
319.25,-17.25,2.9789011
319.25,-16.75,3.2186253
319.25,-16.25,3.9239123
319.25,-15.75,4.5242405
319.75,-19.25,2.7139795
319.75,-18.75,2.3624651
319.75,-18.25,1.9016229
319.75,-17.75,1.7760874
319.75,-16.75,2.9242787
319.75,-16.25,2.6263967
319.75,-15.75,3.7843392
351.75,6.25,2.0768862
351.75,6.75,2.077955
351.75,7.25,2.1140974
351.75,7.75,1.582701
351.75,8.25,0.9525209
351.75,9.25,1.4664348
351.75,9.75,1.3840774
351.75,10.25,1.2839283
352.25,5.75,1.3286138
352.25,6.25,1.486257
352.25,6.75,1.5217023
352.25,7.25,1.9947162
352.25,7.75,1.419734
352.25,8.25,0.9243466
352.25,8.75,0.9243339
352.25,9.25,1.4930823
352.25,9.75,1.4393759
352.25,10.25,1.6216749
352.75,5.25,1.4419997
352.75,5.75,1.8028109
352.75,6.25,1.3042165
352.75,6.75,1.3919746
352.75,7.25,1.699019
352.75,7.75,1.5104847
352.75,8.25,1.1622643
352.75,8.75,1.105147
352.75,9.25,1.4137775
352.75,9.75,1.3354125
352.75,10.25,1.4872136
353.25,5.25,1.208874
353.25,5.75,1.345724
353.25,6.25,1.3540405
353.25,6.75,1.5032643
353.25,7.25,1.5333444
353.25,7.75,1.3990833
353.25,8.25,1.3016821
353.25,8.75,1.4413129
353.25,9.25,1.1801281
353.25,9.75,1.1410793
353.25,10.25,1.2335976
353.25,10.75,1.2205034
353.75,5.25,1.2325302
353.75,5.75,1.3682861
353.75,6.25,1.3438334
353.75,6.75,1.3359543
353.75,7.25,1.4204459
353.75,7.75,1.1882242
353.75,8.25,1.1109494
353.75,8.75,1.2727665
353.75,9.25,1.2293876
353.75,9.75,1.1314766
353.75,10.25,1.3188423
353.75,10.75,1.3181626
354.25,5.75,1.4808326
354.25,6.25,1.4795225
354.25,6.75,1.3633586
354.25,7.25,1.2852654
354.25,7.75,1.2135094
354.25,8.25,1.2207084
354.25,8.75,1.1590228
354.25,9.25,1.015736
354.25,9.75,0.9337609
354.25,10.25,1.815767
354.75,5.75,1.3338876
354.75,6.25,1.3707566
354.75,6.75,1.246258
354.75,7.25,1.0989976
354.75,7.75,1.013853
354.75,8.25,1.1089082
354.75,8.75,1.1171311
354.75,9.25,0.9263405
354.75,9.75,0.85277605
354.75,10.25,1.707213
355.25,5.75,1.3520504
355.25,6.25,1.3672395
355.25,6.75,1.0352408
355.25,7.25,1.0172431
355.25,7.75,0.9233138
355.25,8.25,0.9167472
355.25,8.75,1.0187927
355.25,9.25,1.0129136
355.25,9.75,0.9693225
355.75,5.75,1.4522033
355.75,6.25,1.561234
355.75,6.75,1.4438641
355.75,7.25,1.305308
355.75,7.75,1.1639208
355.75,8.25,1.0294157
355.75,8.75,0.9635567
355.75,9.25,0.92013484
355.75,9.75,0.9183201
356.25,5.75,1.6945223
356.25,6.25,1.691914
356.25,6.75,1.4298902
356.25,7.25,1.4519014
356.25,7.75,1.1825795
356.25,8.25,0.9884653
356.25,8.75,1.0382981
356.25,9.25,0.9947988
356.25,9.75,0.95498496
356.75,5.75,1.364826
356.75,6.25,1.380579
356.75,6.75,1.4475601
356.75,7.25,1.4708695
356.75,7.75,1.1978953
356.75,8.25,1.1438879
356.75,8.75,0.97058976
356.75,9.25,0.8734031
356.75,9.75,0.81623054
357.25,5.75,1.4101799
357.25,6.25,1.4789857
357.25,6.75,1.7161344
357.25,7.25,1.4969455
357.25,7.75,1.2714283
357.25,8.25,1.0246603
357.25,8.75,0.83083
357.25,9.25,0.7618814
357.25,9.75,0.7302083
357.25,10.25,0.68478435
357.25,10.75,0.6719973
357.75,5.25,1.7028627
357.75,5.75,1.6278627
357.75,6.25,1.3505454
357.75,6.75,1.6934398
357.75,7.25,1.5737185
357.75,7.75,1.3668898
357.75,8.25,0.97867733
357.75,8.75,0.7690094
357.75,9.25,0.8380692
357.75,9.75,0.85544753
357.75,10.25,0.66714615
357.75,10.75,0.7271924
358.25,5.25,1.3161958
358.25,5.75,1.6005896
358.25,6.25,1.4210168
358.25,6.75,1.514895
358.25,7.25,1.569153
358.25,7.75,1.1774659
358.25,8.25,1.1037003
358.25,8.75,0.7956682
358.25,9.25,0.8972063
358.25,9.75,0.9615576
358.25,10.25,0.81610304
358.25,10.75,0.6971883
358.75,5.75,1.5224822
358.75,6.25,1.6977698
358.75,6.75,1.6311673
358.75,7.25,1.3574759
358.75,7.75,1.0418642
358.75,8.25,0.98785853
358.75,8.75,0.7405471
358.75,9.25,0.7473564
358.75,9.75,0.7437092
358.75,10.25,0.7240063
358.75,10.75,0.64092714
359.25,5.75,1.102076
359.25,6.25,1.5975679
359.25,6.75,1.4987445
359.25,7.25,1.1714344
359.25,7.75,0.9980022
359.25,8.25,0.839094
359.25,8.75,0.8008283
359.25,9.25,0.7731984
359.25,9.75,0.69103265
359.25,10.25,0.6981196
359.25,10.75,0.6550679
359.75,6.25,1.6056174
359.75,6.75,1.211897
359.75,7.25,1.1795546
359.75,7.75,1.0454412
359.75,8.25,0.7906959
359.75,8.75,0.8208527
359.75,9.25,0.8384463
359.75,9.75,0.78009915
359.75,10.25,0.66056645
359.75,10.75,0.59953535
359.75,11.25,0.44526917
